code,name,price,pct_change,amount,main_net,main_pct,super_net,large_net,medium_net,small_net,period,updated_at
000938,紫光股份,39.08,9.99,11073400561.72,1486517696.0,13.42,2080089024.0,-593571328.0,-786667872.0,-699849824.0,即时,2026-07-16 11:05:36
002475,立讯精密,62.7,3.69,5682156820.63,922605232.0,16.24,507677136.0,414928096.0,-395286928.0,-527318304.0,即时,2026-07-16 11:05:37
603228,景旺电子,72.14,10.0,2402631440.0,690717328.0,28.75,849640416.0,-158923088.0,-362733096.0,-327883245.0,即时,2026-07-16 11:05:39
603893,瑞芯微,231.55,10.0,3479375587.0,550463648.0,15.82,712058944.0,-161595296.0,-319454240.0,-231009392.0,即时,2026-07-16 11:05:39
002384,东山精密,270.8,3.17,20086889546.29,541415424.0,2.7,1663370240.0,-1121954816.0,-512772960.0,-28642512.0,即时,2026-07-16 11:05:37
000063,中兴通讯,40.32,2.21,9231076054.01,505670496.0,5.48,447760608.0,57909888.0,-229415136.0,-276255392.0,即时,2026-07-16 11:05:36
002463,沪电股份,139.66,1.77,6951772222.26,476020960.0,6.85,408489472.0,67531488.0,-125858432.0,-350162544.0,即时,2026-07-16 11:05:37
002156,通富微电,79.05,0.43,12871524669.45,399058832.0,3.1,367020576.0,32038256.0,-283401984.0,-115656848.0,即时,2026-07-16 11:05:37
603186,华正新材,181.32,4.79,2524843975.0,371833392.0,14.73,322375056.0,49458336.0,-206257024.0,-165576368.0,即时,2026-07-16 11:05:39
002938,鹏鼎控股,105.9,2.79,2522520210.52,332035664.0,13.16,132118528.0,199917136.0,-214614224.0,-117421424.0,即时,2026-07-16 11:05:37
300567,精测电子,273.05,-8.09,3187374413.91,284610944.0,8.93,73110624.0,211500320.0,-143441664.0,-141169296.0,即时,2026-07-16 11:05:38
002241,歌尔股份,23.39,5.12,2389249677.17,267000416.0,11.18,194888704.0,72111712.0,-93363568.0,-173636848.0,即时,2026-07-16 11:05:37
603118,共进股份,13.96,8.47,1086522839.0,184249726.0,16.96,194940623.0,-10690897.0,-118369200.0,-65869358.0,即时,2026-07-16 11:05:39
002594,比亚迪,93.57,1.97,2629679107.21,178886032.0,6.8,106704416.0,72181616.0,-93709984.0,-85176032.0,即时,2026-07-16 11:05:37
300454,深信服,113.57,4.38,1754363610.17,157725959.0,8.99,60786711.0,96939248.0,-547872.0,-157178096.0,即时,2026-07-16 11:05:38
000034,神州数码,27.59,7.15,1871285646.5,153581360.0,8.21,124610160.0,28971200.0,-59665840.0,-93915504.0,即时,2026-07-16 11:05:36
300496,中科创达,58.15,8.07,1112537743.06,148839576.0,13.38,91836325.0,57003251.0,-71404800.0,-77434767.0,即时,2026-07-16 11:05:38
603501,豪威集团,111.8,0.61,3030974581.0,132818960.0,4.38,-14959552.0,147778512.0,-123915312.0,-8881296.0,即时,2026-07-16 11:05:39
002050,三花智控,42.27,1.86,1683427519.46,124952929.0,7.42,118378209.0,6574720.0,-44299520.0,-80653408.0,即时,2026-07-16 11:05:36
000066,中国长城,16.89,2.3,1885884613.29,113732752.0,6.03,56159168.0,57573584.0,11758960.0,-125491712.0,即时,2026-07-16 11:05:36
002025,航天电器,75.0,6.59,1010683719.89,110974088.0,10.98,46665670.0,64308418.0,-19331040.0,-91643040.0,即时,2026-07-16 11:05:36
300458,全志科技,39.39,4.73,2498737650.88,99851895.0,4.0,65215111.0,34636784.0,-90122304.0,-9729584.0,即时,2026-07-16 11:05:38
300339,润和软件,37.02,3.78,734799811.44,97532576.0,13.27,35950247.0,61582329.0,-39675188.0,-57857382.0,即时,2026-07-16 11:05:37
301236,软通动力,41.0,2.71,943306432.29,97453483.0,10.33,65871577.0,31581906.0,-48875200.0,-48578279.0,即时,2026-07-16 11:05:38
603327,福蓉科技,8.57,10.01,156847597.0,87116975.0,55.54,106487177.0,-19370202.0,-44756222.0,-42360752.0,即时,2026-07-16 11:05:39
002230,科大讯飞,42.23,2.13,1132919935.15,81902035.0,7.23,41042227.0,40859808.0,-16711888.0,-65190166.0,即时,2026-07-16 11:05:37
300083,创世纪,12.54,8.1,1311593244.71,77467546.0,5.91,29048810.0,48418736.0,-115936.0,-77351616.0,即时,2026-07-16 11:05:37
301165,锐捷网络,105.47,4.74,1965982675.2,73719788.0,3.75,44799164.0,28920624.0,-48617568.0,-25102224.0,即时,2026-07-16 11:05:38
603236,移远通信,53.45,5.36,621291478.0,73427123.0,11.82,46671363.0,26755760.0,-23598042.0,-49829081.0,即时,2026-07-16 11:05:39
002472,双环传动,42.39,0.0,1194168562.66,70508659.0,5.9,31792771.0,38715888.0,-17336768.0,-53171872.0,即时,2026-07-16 11:05:37
000100,TCL科技,5.03,0.2,1779811709.22,67888416.0,3.81,-70385168.0,138273584.0,-47311984.0,-20576416.0,即时,2026-07-16 11:05:36
300433,蓝思科技,39.47,1.7,2868485655.5,65088944.0,2.27,143755472.0,-78666528.0,6380928.0,-71469872.0,即时,2026-07-16 11:05:38
300274,阳光电源,109.74,0.73,3603463081.55,63964976.0,1.78,133880080.0,-69915104.0,-59352208.0,-4612784.0,即时,2026-07-16 11:05:37
301171,易点天下,29.64,3.2,738543905.29,62658548.0,8.48,25027446.0,37631102.0,-24758663.0,-37899882.0,即时,2026-07-16 11:05:38
002195,岩山科技,6.19,3.34,631666139.41,57136294.0,9.05,43963508.0,13172786.0,-37140299.0,-19995995.0,即时,2026-07-16 11:05:37
300024,机器人,15.49,2.86,583704614.87,53420798.0,9.15,-7103659.0,60524457.0,2195097.0,-55615895.0,即时,2026-07-16 11:05:37
301377,鼎泰高科,465.92,-0.42,1194847385.12,53237168.0,4.46,14423296.0,38813872.0,-53237168.0,0.0,即时,2026-07-16 11:05:38
002281,光迅科技,217.4,1.13,5249542072.56,51778976.0,0.99,8886160.0,42892816.0,-100036816.0,48257840.0,即时,2026-07-16 11:05:37
002829,星网宇达,18.84,9.98,207162147.68,51645501.0,24.93,51491737.0,153764.0,-28646221.0,-22999280.0,即时,2026-07-16 11:05:37
301191,菲菱科思,116.69,1.85,672785654.01,50360249.0,7.49,15615221.0,34745028.0,-364914.0,-49995333.0,即时,2026-07-16 11:05:38
603728,鸣志电器,56.2,2.91,343268515.0,48897567.0,14.24,16231406.0,32666161.0,-24978776.0,-23918791.0,即时,2026-07-16 11:05:39
603083,剑桥科技,205.68,-1.16,2481406361.0,46954224.0,1.89,-43298208.0,90252432.0,947488.0,-47881152.0,即时,2026-07-16 11:05:39
002896,中大力德,72.34,2.06,379216399.59,46223816.0,12.19,20733587.0,25490229.0,-23316052.0,-22907764.0,即时,2026-07-16 11:05:37
002484,江海股份,83.21,-5.29,2635820016.0,43468160.0,1.65,-17008656.0,60476816.0,-123604672.0,80136528.0,即时,2026-07-16 11:05:37
002179,中航光电,34.62,-0.86,473755564.27,40125151.0,8.47,6403578.0,33721573.0,-15608093.0,-24517058.0,即时,2026-07-16 11:05:37
002402,和而泰,23.81,2.36,703094746.61,39140352.0,5.57,23750982.0,15389370.0,-7466747.0,-31673606.0,即时,2026-07-16 11:05:37
002929,润建股份,57.14,0.53,472573199.53,38318082.0,8.11,27015075.0,11303007.0,-11779025.0,-26539057.0,即时,2026-07-16 11:05:37
601689,拓普集团,55.1,1.1,977031958.0,37249405.0,3.81,31639677.0,5609728.0,-19589472.0,-17659930.0,即时,2026-07-16 11:05:39
300738,奥飞数据,20.19,2.44,598704809.86,35872338.0,5.99,26728734.0,9143604.0,-16144152.0,-19728187.0,即时,2026-07-16 11:05:38
002273,水晶光电,30.23,1.51,944751694.65,33409132.0,3.54,45297747.0,-11888615.0,-24935280.0,-8473840.0,即时,2026-07-16 11:05:37
300420,五洋自控,8.03,0.63,582964262.7,32681905.0,5.61,26011453.0,6670452.0,-11994478.0,-20687427.0,即时,2026-07-16 11:05:38
300493,润欣科技,13.53,8.67,303298740.8,32093643.0,10.58,8353496.0,23740147.0,-5222634.0,-26871010.0,即时,2026-07-16 11:05:38
002217,ST合力泰,1.55,6.9,296184877.5,31683329.0,10.7,2121402.0,29561927.0,-13984494.0,-17698835.0,即时,2026-07-16 11:05:37
600580,卧龙电驱,31.76,1.02,471293269.0,30714079.0,6.52,8036976.0,22677103.0,-27122827.0,-3591252.0,即时,2026-07-16 11:05:39
600536,中国软件,31.52,0.13,585918205.0,30686470.0,5.24,19850014.0,10836456.0,-40039588.0,9343661.0,即时,2026-07-16 11:05:39
300503,昊志机电,82.82,-1.26,826867256.27,29502584.0,3.57,1494731.0,28007853.0,-24142000.0,-5360594.0,即时,2026-07-16 11:05:38
300170,汉得信息,15.45,2.93,462589839.3,28041849.0,6.06,8998281.0,19043568.0,-8794330.0,-19247519.0,即时,2026-07-16 11:05:37
603859,能科科技,41.38,1.77,199216166.0,26004443.0,13.05,7648776.0,18355667.0,-11318321.0,-14686122.0,即时,2026-07-16 11:05:39
002049,紫光国微,73.0,1.05,2018704681.9,25684247.0,1.27,-50061001.0,75745248.0,-8408064.0,-17276176.0,即时,2026-07-16 11:05:36
300115,长盈精密,28.67,3.06,707614703.3,25573984.0,3.61,7400992.0,18172992.0,-6854761.0,-18719224.0,即时,2026-07-16 11:05:37
002920,德赛西威,84.45,1.85,345889922.49,25485258.0,7.37,11830597.0,13654661.0,-19601268.0,-5883991.0,即时,2026-07-16 11:05:37
300766,每日互动,21.49,4.57,508572916.66,25320624.0,4.98,6285978.0,19034646.0,-2263666.0,-23056958.0,即时,2026-07-16 11:05:38
600699,均胜电子,21.21,1.78,327217811.0,23599459.0,7.21,12657047.0,10942412.0,-13688926.0,-9910535.0,即时,2026-07-16 11:05:39
000158,常山北明,12.96,2.94,332558877.41,23513765.0,7.07,20269340.0,3244425.0,-4919884.0,-18593881.0,即时,2026-07-16 11:05:36
002745,木林森,11.95,0.0,698466472.81,22923805.0,3.28,3109112.0,19814693.0,-8276474.0,-14647332.0,即时,2026-07-16 11:05:37
600732,爱旭股份,12.43,-0.08,342188179.0,22743147.0,6.65,13221173.0,9521974.0,-17491618.0,-5251528.0,即时,2026-07-16 11:05:39
002845,同兴达,14.39,1.27,279344889.2,22531710.0,8.07,9425037.0,13106673.0,-10994460.0,-11537250.0,即时,2026-07-16 11:05:37
603160,汇顶科技,56.35,4.45,432776507.0,20722185.0,4.79,6838413.0,13883772.0,-5014977.0,-15707207.0,即时,2026-07-16 11:05:39
300680,隆盛科技,23.05,1.5,137330347.5,19792578.0,14.41,11678528.0,8114050.0,-11991791.0,-7800787.0,即时,2026-07-16 11:05:38
600797,浙大网新,6.55,3.8,140843849.0,19338987.0,13.73,17145709.0,2193278.0,-9113732.0,-10225255.0,即时,2026-07-16 11:05:39
301529,福赛科技,107.11,-1.12,166220049.01,19158275.0,11.53,-6015672.0,25173947.0,4973067.0,-24131343.0,即时,2026-07-16 11:05:39
002153,石基信息,7.75,2.79,150964044.56,18777132.0,12.44,8972852.0,9804280.0,-143670.0,-18633462.0,即时,2026-07-16 11:05:37
600312,平高电气,17.29,0.46,135093698.0,18222676.0,13.49,4237063.0,13985613.0,-9343883.0,-8878793.0,即时,2026-07-16 11:05:39
002065,东华软件,7.13,3.03,226008481.25,18073851.0,8.0,9203317.0,8870534.0,-12046307.0,-6027544.0,即时,2026-07-16 11:05:36
603662,XD柯力传,58.1,0.09,231262436.0,17243147.0,7.46,13616278.0,3626869.0,-15475067.0,-1768079.0,即时,2026-07-16 11:05:39
300222,科大智能,10.46,1.36,144108871.14,16685773.0,11.58,6671399.0,10014374.0,-5019584.0,-11666190.0,即时,2026-07-16 11:05:37
002351,漫步者,10.14,3.58,145991399.72,16524484.0,11.32,10976874.0,5547610.0,-4855078.0,-11669406.0,即时,2026-07-16 11:05:37
002410,广联达,8.74,2.58,195108759.38,15973815.0,8.19,270774.0,15703041.0,-9106831.0,-6866984.0,即时,2026-07-16 11:05:37
002444,巨星科技,29.85,2.4,150380031.83,14379217.0,9.56,368610.0,14010607.0,-1576674.0,-12802544.0,即时,2026-07-16 11:05:37
300334,津膜科技,9.04,3.79,116163187.0,14288352.0,12.3,8730531.0,5557821.0,5227842.0,-19516194.0,即时,2026-07-16 11:05:37
002625,光启技术,28.08,1.67,322180056.09,13903552.0,4.32,-6778496.0,20682048.0,1566014.0,-15469566.0,即时,2026-07-16 11:05:37
002897,意华股份,72.05,1.46,480946630.95,13514475.0,2.81,16907278.0,-3392803.0,-29398169.0,15883693.0,即时,2026-07-16 11:05:37
301029,怡合达,27.2,-0.98,183204689.49,13285555.0,7.25,-1320793.0,14606348.0,-18357566.0,5072010.0,即时,2026-07-16 11:05:38
002126,银轮股份,49.35,0.47,457620642.65,11464050.0,2.51,11872121.0,-408071.0,-2026464.0,-9437588.0,即时,2026-07-16 11:05:37
300785,值得买,35.9,3.16,200817395.0,11147146.0,5.55,37902.0,11109244.0,7413114.0,-18560260.0,即时,2026-07-16 11:05:38
300607,拓斯达,36.32,-0.85,782146022.24,10931067.0,1.4,6556841.0,4374226.0,14679102.0,-25610167.0,即时,2026-07-16 11:05:38
300532,今天国际,7.38,0.82,175894829.65,10366189.0,5.89,46886.0,10319303.0,-1094262.0,-9271927.0,即时,2026-07-16 11:05:38
300773,拉卡拉,14.86,0.75,287000883.08,10061622.0,3.51,-443803.0,10505425.0,-4236095.0,-5825526.0,即时,2026-07-16 11:05:38
603690,至纯科技,28.09,0.04,443028032.0,9834446.0,2.22,-918815.0,10753261.0,-14720509.0,4886062.0,即时,2026-07-16 11:05:39
000681,视觉中国,17.56,2.15,264461550.45,9579296.0,3.62,5314155.0,4265141.0,-12072610.0,2493315.0,即时,2026-07-16 11:05:36
301328,维峰电子,63.6,-1.59,119139286.5,9360169.0,7.86,9790350.0,-430181.0,-5329093.0,-4031075.0,即时,2026-07-16 11:05:38
300846,首都在线,20.44,2.92,328325591.72,9134304.0,2.78,-1848024.0,10982328.0,4274540.0,-13408844.0,即时,2026-07-16 11:05:38
300227,光韵达,9.18,0.77,79452015.02,9042725.0,11.38,-38586.0,9081311.0,23899.0,-9066624.0,即时,2026-07-16 11:05:37
000050,深天马Ａ,6.65,-1.04,150122312.0,8805147.0,5.87,-4747682.0,13552829.0,-580904.0,-8224242.0,即时,2026-07-16 11:05:36
603220,中贝通信,18.77,3.36,245546481.0,8652269.0,3.52,6168889.0,2483380.0,-14240888.0,5588619.0,即时,2026-07-16 11:05:39
002387,维信诺,6.73,0.45,69083906.24,8596281.0,12.44,2241084.0,6355197.0,-5663596.0,-2932685.0,即时,2026-07-16 11:05:37
301448,开创电气,44.71,11.8,128228680.73,8554875.0,6.67,59126.0,8495749.0,8163858.0,-16718734.0,即时,2026-07-16 11:05:38
002925,盈趣科技,22.9,0.97,207068401.32,8037898.0,3.88,-3441415.0,11479313.0,6523337.0,-14561234.0,即时,2026-07-16 11:05:37
300663,科蓝软件,6.87,6.84,106546934.8,8015792.0,7.52,1042057.0,6973735.0,2456328.0,-10472121.0,即时,2026-07-16 11:05:38
000555,神州信息,9.96,3.53,129710856.96,7999878.0,6.17,520740.0,7479138.0,-8908293.0,908415.0,即时,2026-07-16 11:05:36
002474,榕基软件,5.85,3.54,67283046.8,7819259.0,11.62,902796.0,6916463.0,-2907678.0,-4911581.0,即时,2026-07-16 11:05:37
300674,宇信科技,15.09,2.72,96205150.87,7815519.0,8.12,2735394.0,5080125.0,-4439809.0,-3375710.0,即时,2026-07-16 11:05:38
300451,创业慧康,3.57,2.59,84699162.75,7587948.0,8.96,2377348.0,5210600.0,-5200441.0,-2387507.0,即时,2026-07-16 11:05:38
300440,运达科技,20.06,-1.33,78759690.0,7358672.0,9.34,10415297.0,-3056625.0,-1266274.0,-6092398.0,即时,2026-07-16 11:05:38
300327,中颖电子,25.22,0.36,249733540.76,7358544.0,2.95,5693477.0,1665067.0,-11920121.0,4561576.0,即时,2026-07-16 11:05:37
300430,*ST益通,5.19,9.03,62052745.0,7358317.0,11.86,1075080.0,6283237.0,-856817.0,-6501500.0,即时,2026-07-16 11:05:38
002130,沃尔核材,16.21,1.12,201881906.25,7146091.0,3.54,2435613.0,4710478.0,-11757541.0,4611451.0,即时,2026-07-16 11:05:37
300213,佳讯飞鸿,6.01,1.86,53554780.0,7000633.0,13.07,0.0,7000633.0,-8273011.0,1272378.0,即时,2026-07-16 11:05:37
300378,鼎捷数智,30.26,1.54,143879796.92,6929622.0,4.82,5936884.0,992738.0,-10114330.0,3184708.0,即时,2026-07-16 11:05:37
300229,拓尔思,13.46,3.14,169166779.05,6868380.0,4.06,2304667.0,4563713.0,-11437333.0,4568953.0,即时,2026-07-16 11:05:37
300782,卓胜微,86.66,0.3,866084524.71,6810988.0,0.79,-15600960.0,22411948.0,-24367712.0,17556716.0,即时,2026-07-16 11:05:38
300159,新研股份,2.99,1.01,50926179.0,6788317.0,13.33,0.0,6788317.0,-6584316.0,-204001.0,即时,2026-07-16 11:05:37
002196,方正电机,11.01,0.36,97006552.0,6380920.0,6.58,1464311.0,4916609.0,-1100040.0,-5280880.0,即时,2026-07-16 11:05:37
003021,兆威机电,83.67,2.05,186426082.7,6327128.0,3.39,-9595668.0,15922796.0,-3882771.0,-2444357.0,即时,2026-07-16 11:05:37
000837,秦川机床,9.56,0.21,96460217.11,6175821.0,6.4,0.0,6175821.0,-4405810.0,-1770012.0,即时,2026-07-16 11:05:36
300793,佳禾智能,11.09,4.13,97763291.0,6153905.0,6.29,2521199.0,3632706.0,753766.0,-6907671.0,即时,2026-07-16 11:05:38
605588,冠石科技,49.58,-1.04,68681995.0,6055451.0,8.82,5363092.0,692359.0,-229371.0,-5826080.0,即时,2026-07-16 11:05:39
600316,洪都航空,27.18,2.64,126782985.0,6025379.0,4.75,2559669.0,3465710.0,-2636331.0,-3389047.0,即时,2026-07-16 11:05:39
300007,汉威科技,35.72,0.65,224864686.64,5982990.0,2.66,1252894.0,4730096.0,3248929.0,-9231919.0,即时,2026-07-16 11:05:37
002979,雷赛智能,60.21,-2.64,565077673.4,5795037.0,1.03,-29304581.0,35099618.0,18018620.0,-23813657.0,即时,2026-07-16 11:05:37
301413,安培龙,63.82,-0.31,120449089.83,5716146.0,4.75,3293679.0,2422467.0,2039124.0,-7755270.0,即时,2026-07-16 11:05:38
300403,汉宇集团,9.58,1.27,60950851.88,5672408.0,9.31,-1726881.0,7399289.0,-12111.0,-5660297.0,即时,2026-07-16 11:05:38
300465,高伟达,10.52,3.75,73342925.0,5610684.0,7.65,1035159.0,4575525.0,-1360597.0,-4250087.0,即时,2026-07-16 11:05:38
300872,天阳科技,15.2,1.4,88231685.72,5488921.0,6.22,-1450413.0,6939334.0,-10454421.0,4965500.0,即时,2026-07-16 11:05:38
301380,挖金客,29.38,5.49,61626276.03,5465030.0,8.87,4201479.0,1263551.0,40158.0,-5505189.0,即时,2026-07-16 11:05:38
002111,威海广泰,9.57,1.27,54620048.49,5460461.0,10.0,1013294.0,4447167.0,1005055.0,-6465517.0,即时,2026-07-16 11:05:36
300324,旋极信息,3.74,1.91,74994539.6,5459290.0,7.28,3316500.0,2142790.0,-6390126.0,930836.0,即时,2026-07-16 11:05:37
301261,恒工精密,73.76,0.03,68522122.3,5401873.0,7.88,130159.0,5271714.0,3429681.0,-8831554.0,即时,2026-07-16 11:05:38
000547,航天发展,14.84,0.34,436322241.37,5388483.0,1.23,1924271.0,3464212.0,-21879684.0,16491200.0,即时,2026-07-16 11:05:36
003007,直真科技,36.73,3.26,61365581.0,5376669.0,8.76,0.0,5376669.0,-2202429.0,-3174240.0,即时,2026-07-16 11:05:37
301199,迈赫股份,20.01,5.87,83679830.84,5339728.0,6.38,1459584.0,3880144.0,6889624.0,-12229352.0,即时,2026-07-16 11:05:38
002520,日发精机,6.09,0.66,130064918.96,5318587.0,4.09,1059078.0,4259509.0,952956.0,-6271544.0,即时,2026-07-16 11:05:37
301489,思泉新材,141.0,0.36,403766348.2,5063485.0,1.25,-12574344.0,17637829.0,5242728.0,-10306213.0,即时,2026-07-16 11:05:38
600718,东软集团,7.93,2.32,58224342.0,5057883.0,8.69,511466.0,4546417.0,-6597669.0,1539787.0,即时,2026-07-16 11:05:39
603308,应流股份,48.89,-3.09,308544861.0,5050447.0,1.64,-3490555.0,8541002.0,-4263392.0,-787055.0,即时,2026-07-16 11:05:39
300490,华自科技,11.49,-0.35,57186931.0,5016651.0,8.77,2267004.0,2749647.0,-4194250.0,-822401.0,即时,2026-07-16 11:05:38
300101,振芯科技,14.86,0.88,70690226.37,4830884.0,6.83,2979436.0,1851448.0,-5616276.0,785392.0,即时,2026-07-16 11:05:37
600588,用友网络,9.47,1.72,302863560.0,4646992.0,1.53,4194874.0,452118.0,-14335753.0,9688761.0,即时,2026-07-16 11:05:39
300588,熙菱信息,22.07,1.01,55066815.0,4625046.0,8.4,-941922.0,5566968.0,-2887675.0,-1737371.0,即时,2026-07-16 11:05:38
301153,中科江南,17.04,5.84,79001900.34,4565584.0,5.78,1966040.0,2599544.0,4301230.0,-8866814.0,即时,2026-07-16 11:05:38
002209,达 意 隆,10.93,6.32,54550984.5,4508537.0,8.26,793669.0,3714868.0,1152570.0,-5661107.0,即时,2026-07-16 11:05:37
603328,依顿电子,9.64,0.21,94726348.0,4501613.0,4.75,1412867.0,3088746.0,-6692395.0,2190782.0,即时,2026-07-16 11:05:39
002085,万丰奥威,10.32,1.67,132421189.0,4319637.0,3.26,4237529.0,82108.0,-5842330.0,1522693.0,即时,2026-07-16 11:05:36
300853,申昊科技,25.22,-0.75,55788485.0,4229032.0,7.58,0.0,4229032.0,-2446466.0,-1782566.0,即时,2026-07-16 11:05:38
002276,万马股份,9.69,2.43,105882426.0,4171280.0,3.94,-4092937.0,8264217.0,-5500579.0,1329299.0,即时,2026-07-16 11:05:37
603596,伯特利,23.75,3.4,273821187.0,4108548.0,1.5,-6390590.0,10499138.0,-5672596.0,1564047.0,即时,2026-07-16 11:05:39
301293,三博脑科,51.92,4.36,443158771.45,3985930.0,0.9,861822.0,3124108.0,16305938.0,-20291868.0,即时,2026-07-16 11:05:38
603583,捷昌驱动,24.22,-0.16,68032184.0,3976616.0,5.85,-637042.0,4613658.0,-2675069.0,-1301547.0,即时,2026-07-16 11:05:39
002373,千方科技,7.44,2.9,112535154.48,3764397.0,3.35,91193.0,3673204.0,-2023640.0,-1740757.0,即时,2026-07-16 11:05:37
300112,万讯自控,6.61,6.1,125755522.44,3754881.0,2.99,-1287725.0,5042606.0,8520114.0,-12274995.0,即时,2026-07-16 11:05:37
300139,晓程科技,36.54,2.27,495244479.72,3746246.0,0.76,2009978.0,1736268.0,12240484.0,-15986731.0,即时,2026-07-16 11:05:37
603966,法兰泰克,8.03,-0.12,24089022.0,3717752.0,15.43,0.0,3717752.0,-388108.0,-3329644.0,即时,2026-07-16 11:05:39
300250,初灵信息,14.3,3.92,75599104.9,3698453.0,4.89,-1140528.0,4838981.0,1218983.0,-4917436.0,即时,2026-07-16 11:05:37
603920,世运电路,39.0,-0.74,377794634.0,3688384.0,0.98,1228061.0,2460323.0,-7585445.0,3900963.0,即时,2026-07-16 11:05:39
300978,东箭科技,8.53,2.77,26040017.0,3554398.0,13.65,0.0,3554398.0,-1350600.0,-2203798.0,即时,2026-07-16 11:05:38
002093,国脉科技,6.58,4.11,83554497.12,3457841.0,4.14,1007340.0,2450501.0,-6225765.0,2767924.0,即时,2026-07-16 11:05:36
603322,超讯科技,28.14,1.3,94745090.0,3422125.0,3.61,-497892.0,3920017.0,-3278852.0,-143273.0,即时,2026-07-16 11:05:39
002106,莱宝高科,10.49,-0.47,111706550.14,3378040.0,3.02,-2858695.0,6236735.0,-3852717.0,474676.0,即时,2026-07-16 11:05:36
603666,亿嘉和,25.42,-0.9,66087333.0,3362005.0,5.09,-244792.0,3606797.0,-2321114.0,-1040890.0,即时,2026-07-16 11:05:39
300421,力星股份,17.27,1.29,63137088.0,3276736.0,5.19,0.0,3276736.0,-2160466.0,-1116270.0,即时,2026-07-16 11:05:38
300579,数字认证,21.38,3.43,59918481.0,3258695.0,5.44,2319207.0,939488.0,-7631470.0,4372776.0,即时,2026-07-16 11:05:38
603626,科森科技,15.42,0.98,187097518.0,3258362.0,1.74,-4895279.0,8153641.0,3736416.0,-6994778.0,即时,2026-07-16 11:05:39
002583,海能达,7.98,0.76,54914620.8,3213734.0,5.85,1346832.0,1866902.0,-3056072.0,-157662.0,即时,2026-07-16 11:05:37
301330,熵基科技,23.62,2.79,44541247.0,3072209.0,6.9,0.0,3072209.0,-3540082.0,467872.0,即时,2026-07-16 11:05:38
300541,先进数通,10.07,2.86,57802113.1,3071492.0,5.31,1006000.0,2065492.0,-4386894.0,1315402.0,即时,2026-07-16 11:05:38
300290,ST荣科,4.33,0.46,54693088.0,2905127.0,5.31,2607000.0,298127.0,-2515902.0,-389225.0,即时,2026-07-16 11:05:37
300563,神宇股份,24.41,1.24,48864856.07,2793359.0,5.72,0.0,2793359.0,1748767.0,-4542126.0,即时,2026-07-16 11:05:38
301510,固高科技,29.07,-1.92,140091226.48,2708605.0,1.93,-1157566.0,3866171.0,3938662.0,-6647267.0,即时,2026-07-16 11:05:38
300525,博思软件,7.79,3.04,85097821.64,2615946.0,3.07,1256188.0,1359758.0,-7336539.0,4720593.0,即时,2026-07-16 11:05:38
300245,ST天玑,5.65,3.29,24672962.0,2590263.0,10.5,1132000.0,1458263.0,315126.0,-2905389.0,即时,2026-07-16 11:05:37
002212,天融信,5.63,2.55,97710479.55,2573348.0,2.63,3919429.0,-1346081.0,-6370587.0,3797239.0,即时,2026-07-16 11:05:37
600198,大唐电信,7.27,-0.68,71630877.0,2364628.0,3.3,2468112.0,-103484.0,-1952801.0,-411827.0,即时,2026-07-16 11:05:39
002777,久远银海,12.69,2.92,59778999.0,2249510.0,3.76,0.0,2249510.0,-614592.0,-1634918.0,即时,2026-07-16 11:05:37
301397,溯联股份,34.8,0.4,38408855.96,2230652.0,5.81,0.0,2230652.0,-1465735.0,-764917.0,即时,2026-07-16 11:05:38
603095,越剑智能,13.11,0.69,26321254.0,2183559.0,8.3,1313000.0,870559.0,1617766.0,-3801325.0,即时,2026-07-16 11:05:39
300556,丝路视觉,16.23,2.4,48231419.0,2179003.0,4.52,-1003242.0,3182245.0,-3404333.0,1225330.0,即时,2026-07-16 11:05:38
002139,拓邦股份,9.99,1.73,108315819.01,2156461.0,1.99,-400343.0,2556804.0,-7775933.0,5619472.0,即时,2026-07-16 11:05:37
000099,中信海直,13.8,1.69,63150366.91,2096012.0,3.32,-153846.0,2249858.0,-5314980.0,3218968.0,即时,2026-07-16 11:05:36
603786,科博达,41.29,1.67,36585955.0,2061359.0,5.63,0.0,2061359.0,-2488845.0,427486.0,即时,2026-07-16 11:05:39
301169,零点有数,57.28,0.77,36394509.0,1992730.0,5.48,0.0,1992730.0,-419899.0,-1572831.0,即时,2026-07-16 11:05:38
300598,诚迈科技,28.57,2.4,132089101.12,1895686.0,1.44,3452674.0,-1556988.0,-6665493.0,4769806.0,即时,2026-07-16 11:05:38
300001,特锐德,31.21,-3.31,315201877.62,1879517.0,0.6,2344.0,1877173.0,1800700.0,-3680216.0,即时,2026-07-16 11:05:37
002031,巨轮智能,5.08,0.0,181159152.82,1845925.0,1.02,3177587.0,-1331662.0,-8059512.0,6213588.0,即时,2026-07-16 11:05:36
301185,鸥玛软件,15.92,1.02,22726532.0,1837151.0,8.08,0.0,1837151.0,-500936.0,-1336215.0,即时,2026-07-16 11:05:38
300645,正元智慧,12.22,2.69,30389485.0,1803260.0,5.93,0.0,1803260.0,425968.0,-2229228.0,即时,2026-07-16 11:05:38
000625,长安汽车,7.19,2.28,420944362.64,1796785.0,0.43,16450333.0,-14653548.0,-20446868.0,18650083.0,即时,2026-07-16 11:05:36
300581,晨曦航空,9.2,0.66,39328417.44,1796550.0,4.57,0.0,1796550.0,-4050330.0,2253780.0,即时,2026-07-16 11:05:38
300472,*ST新元,6.37,1.76,11733099.0,1699002.0,14.48,1295109.0,403893.0,-990766.0,-708236.0,即时,2026-07-16 11:05:38
002253,川大智胜,9.9,2.38,32641964.0,1614636.0,4.95,-111.0,1614747.0,1540220.0,-3154856.0,即时,2026-07-16 11:05:37
001266,宏英智能,35.13,-2.98,64137548.0,1606164.0,2.5,0.0,1606164.0,3109148.0,-4715312.0,即时,2026-07-16 11:05:36
300333,兆日科技,7.39,1.79,34957267.0,1601003.0,4.58,1515916.0,85087.0,-4127374.0,2526371.0,即时,2026-07-16 11:05:37
300011,鼎汉技术,5.78,1.76,14622457.31,1599266.0,10.94,0.0,1599266.0,-1556610.0,-42656.0,即时,2026-07-16 11:05:37
300456,赛微电子,34.29,0.47,521253637.8,1510158.0,0.29,-5732032.0,7242190.0,-14623474.0,13113317.0,即时,2026-07-16 11:05:38
603015,弘讯科技,10.2,0.39,13922940.0,1487245.0,10.68,0.0,1487245.0,-1625999.0,138754.0,即时,2026-07-16 11:05:39
603528,多伦科技,5.84,2.82,38131997.0,1485450.0,3.9,0.0,1485450.0,-2145195.0,659745.0,即时,2026-07-16 11:05:39
300466,赛摩智能,7.26,2.11,25927397.0,1476072.0,5.69,0.0,1476072.0,-1183843.0,-292229.0,即时,2026-07-16 11:05:38
600038,中直股份,25.52,1.07,79487310.0,1469345.0,1.85,1550924.0,-81579.0,-5133201.0,3663855.0,即时,2026-07-16 11:05:39
300415,伊之密,20.77,-2.12,76678811.0,1431965.0,1.87,-54010.0,1485975.0,3777081.0,-5209046.0,即时,2026-07-16 11:05:38
603383,顶点软件,26.64,2.07,63397243.0,1384172.0,2.18,36063.0,1348109.0,1814346.0,-3198518.0,即时,2026-07-16 11:05:39
300212,*ST易录,8.23,1.23,56770813.38,1351352.0,2.38,1539193.0,-187841.0,141117.0,-1492469.0,即时,2026-07-16 11:05:37
300271,华宇软件,5.21,3.37,56090522.58,1337906.0,2.39,1372267.0,-34361.0,1171983.0,-2509890.0,即时,2026-07-16 11:05:37
002706,良信股份,9.92,-0.4,111307458.26,1229222.0,1.1,-1967989.0,3197211.0,-3844580.0,2615359.0,即时,2026-07-16 11:05:37
003028,振邦智能,22.25,2.44,13321662.6,1214414.0,9.12,24131.0,1190283.0,-965905.0,-248509.0,即时,2026-07-16 11:05:37
300593,新雷能,26.02,-3.59,258797606.55,987343.0,0.38,-961735.0,1949078.0,-5071130.0,4083786.0,即时,2026-07-16 11:05:38
301533,威马农机,24.83,3.2,14754015.0,956077.0,6.48,0.0,956077.0,1189610.0,-2145687.0,即时,2026-07-16 11:05:39
603416,信捷电气,53.95,-1.57,73852931.0,933017.0,1.26,-2552332.0,3485349.0,444786.0,-1377803.0,即时,2026-07-16 11:05:39
300424,航新科技,13.89,0.36,57900465.43,912579.0,1.58,1350000.0,-437421.0,1489134.0,-2401713.0,即时,2026-07-16 11:05:38
300515,三德科技,13.11,1.16,14578742.0,895029.0,6.14,0.0,895029.0,1451222.0,-2346251.0,即时,2026-07-16 11:05:38
301499,维科精密,25.77,-0.31,35124745.0,880972.0,2.51,0.0,880972.0,-567934.0,-313038.0,即时,2026-07-16 11:05:38
002006,精工科技,13.98,1.23,49994279.85,865592.0,1.73,-806658.0,1672250.0,-4084635.0,3219043.0,即时,2026-07-16 11:05:36
300126,锐奇股份,5.91,3.32,18350507.86,857123.0,4.67,0.0,857123.0,1117169.0,-1974292.0,即时,2026-07-16 11:05:37
301428,世纪恒通,28.9,1.47,42838526.5,844843.0,1.97,2371744.0,-1526901.0,-1339754.0,494911.0,即时,2026-07-16 11:05:38
300768,迪普科技,15.56,0.32,73398947.74,760959.0,1.04,-1069646.0,1830605.0,-5637687.0,4876729.0,即时,2026-07-16 11:05:38
000821,ST京机,7.48,1.77,28626570.0,724369.0,2.53,0.0,724369.0,-1207422.0,483053.0,即时,2026-07-16 11:05:36
301332,德尔玛,7.99,1.52,12558859.2,683127.0,5.44,0.0,683127.0,715232.0,-1398359.0,即时,2026-07-16 11:05:38
300660,江苏雷利,27.63,0.62,126263224.75,680267.0,0.54,790262.0,-109995.0,-2945331.0,2265065.0,即时,2026-07-16 11:05:38
301505,苏州规划,15.98,2.3,18121608.32,653879.0,3.61,0.0,653879.0,-290258.0,-363621.0,即时,2026-07-16 11:05:38
300509,新美星,8.29,3.11,25882634.93,639772.0,2.47,0.0,639772.0,-871875.0,232103.0,即时,2026-07-16 11:05:38
301519,舜禹股份,11.33,2.26,15256231.0,624839.0,4.1,0.0,624839.0,175292.0,-800131.0,即时,2026-07-16 11:05:39
002698,博实股份,12.32,0.24,70638024.64,525044.0,0.74,234861.0,290183.0,-3532165.0,3007121.0,即时,2026-07-16 11:05:37
300307,慈星股份,6.73,0.3,39997593.75,485887.0,1.21,0.0,485887.0,3151333.0,-3637220.0,即时,2026-07-16 11:05:37
300682,朗新科技,9.94,2.69,86211079.0,483321.0,0.56,0.0,483321.0,-5192116.0,4708796.0,即时,2026-07-16 11:05:38
002403,爱仕达,9.42,1.84,32068659.0,448909.0,1.4,0.0,448909.0,-54167.0,-394742.0,即时,2026-07-16 11:05:37
300879,大叶股份,15.69,2.75,31160937.0,424640.0,1.36,0.0,424640.0,299954.0,-724594.0,即时,2026-07-16 11:05:38
603895,天永智能,28.44,1.39,15687183.0,415139.0,2.65,2834.0,412305.0,-563144.0,148005.0,即时,2026-07-16 11:05:39
002202,金风科技,18.9,0.11,949137626.48,366339.0,0.04,12201647.0,-11835308.0,-23713584.0,23347248.0,即时,2026-07-16 11:05:37
301368,丰立智能,42.84,0.54,101026245.0,364980.0,0.36,1372093.0,-1007113.0,-1398098.0,1033118.0,即时,2026-07-16 11:05:38
301378,通达海,24.01,4.12,29283944.85,348559.0,1.19,11975.0,336584.0,1228141.0,-1576700.0,即时,2026-07-16 11:05:38
300232,洲明科技,5.05,1.0,36315877.0,241979.0,0.67,227467.0,14512.0,359680.0,-601659.0,即时,2026-07-16 11:05:37
002859,洁美科技,72.46,-0.1,643568864.95,234331.0,0.04,-21134632.0,21368963.0,-12203326.0,11968996.0,即时,2026-07-16 11:05:37
605060,联德股份,43.08,-2.89,81571473.0,233357.0,0.29,-2014121.0,2247478.0,-2124006.0,1890649.0,即时,2026-07-16 11:05:39
300625,三雄极光,9.32,2.64,10764964.0,196114.0,1.82,0.0,196114.0,-486797.0,290683.0,即时,2026-07-16 11:05:38
002335,科华数据,32.9,1.01,376125882.09,176676.0,0.05,-8477800.0,8654476.0,-12717290.0,12540615.0,即时,2026-07-16 11:05:37
300902,国安达,14.67,0.69,26360671.85,172826.0,0.66,0.0,172826.0,-2714599.0,2541773.0,即时,2026-07-16 11:05:38
300161,华中数控,26.23,0.0,27416262.0,68547.0,0.25,-1496980.0,1565527.0,259180.0,-327727.0,即时,2026-07-16 11:05:37
300468,四方精创,19.66,1.76,150316942.22,28912.0,0.02,-4547681.0,4576593.0,-4263347.0,4234435.0,即时,2026-07-16 11:05:38
002190,成飞集成,21.64,1.93,42955778.0,22359.0,0.05,333996.0,-311637.0,1684832.0,-1707191.0,即时,2026-07-16 11:05:37
605286,同力天启,23.74,0.85,23638033.0,9567.0,0.04,0.0,9567.0,-2040373.0,2028432.0,即时,2026-07-16 11:05:39
002013,中航机电,0.0,0.0,0.0,0.0,0.0,0.0,0.0,0.0,0.0,即时,2026-07-16 11:05:36
002231,*ST奥维,0.0,0.0,0.0,0.0,0.0,0.0,0.0,0.0,0.0,即时,2026-07-16 11:05:37
300029,天龙退,0.0,0.0,0.0,0.0,0.0,0.0,0.0,0.0,0.0,即时,2026-07-16 11:05:37
300379,东通退,0.0,0.0,0.0,0.0,0.0,0.0,0.0,0.0,0.0,即时,2026-07-16 11:05:37
300177,中海达,6.08,2.7,36413374.96,-19541.0,-0.05,0.0,-19541.0,-988616.0,1008157.0,即时,2026-07-16 11:05:37
001278,一彬科技,15.19,2.08,23365072.0,-33380.0,-0.14,1960304.0,-1993684.0,-910878.0,944258.0,即时,2026-07-16 11:05:36
300293,蓝英装备,15.7,-0.57,43912426.0,-84901.0,-0.19,-777272.0,692371.0,-1666771.0,1751672.0,即时,2026-07-16 11:05:37
003025,思进智能,12.16,-0.16,27259015.86,-86667.0,-0.32,0.0,-86667.0,2075107.0,-1988440.0,即时,2026-07-16 11:05:37
002598,ST章鼓,6.81,1.19,8743206.0,-87976.0,-1.01,0.0,-87976.0,-8185.0,96161.0,即时,2026-07-16 11:05:37
603703,盛洋科技,9.18,1.44,46821445.0,-106329.0,-0.23,0.0,-106329.0,5570160.0,-5463831.0,即时,2026-07-16 11:05:39
301255,通力科技,20.19,0.9,12495512.45,-108491.0,-0.87,0.0,-108491.0,531639.0,-423148.0,即时,2026-07-16 11:05:38
301278,快可电子,26.9,2.4,16172201.04,-163964.0,-1.01,0.0,-163964.0,1183207.0,-1019243.0,即时,2026-07-16 11:05:38
301325,曼恩斯特,30.09,0.37,23131525.78,-165135.0,-0.71,0.0,-165135.0,1720980.0,-1555845.0,即时,2026-07-16 11:05:38
300659,中孚信息,9.63,2.23,27799592.0,-277463.0,-1.0,0.0,-277463.0,-2567482.0,2844945.0,即时,2026-07-16 11:05:38
002815,崇达技术,15.47,0.39,848359541.25,-282821.0,-0.03,3595491.0,-3878312.0,-7475728.0,7758544.0,即时,2026-07-16 11:05:37
002337,赛象科技,4.52,2.49,26462518.0,-285956.0,-1.08,0.0,-285956.0,-1971242.0,2257198.0,即时,2026-07-16 11:05:37
300036,超图软件,11.12,2.68,66278109.0,-298253.0,-0.45,1664477.0,-1962730.0,-591308.0,889561.0,即时,2026-07-16 11:05:37
300354,东华测试,32.16,-1.05,43879055.58,-310554.0,-0.71,1033631.0,-1344185.0,-749344.0,1059898.0,即时,2026-07-16 11:05:37
603232,格尔软件,14.14,1.95,44093730.0,-320729.0,-0.73,0.0,-320729.0,-4464844.0,4785573.0,即时,2026-07-16 11:05:39
300461,田中精机,32.7,-0.85,43120002.0,-323353.0,-0.75,0.0,-323353.0,802422.0,-479069.0,即时,2026-07-16 11:05:38
002380,科远智慧,28.75,0.35,75048292.0,-328029.0,-0.44,-887542.0,559513.0,1843679.0,-1515650.0,即时,2026-07-16 11:05:37
301399,英特科技,16.2,2.08,17725373.94,-394777.0,-2.23,0.0,-394777.0,461497.0,-66720.0,即时,2026-07-16 11:05:38
300195,长荣股份,5.19,1.76,34616070.0,-411250.0,-1.19,0.0,-411250.0,-1666328.0,2077578.0,即时,2026-07-16 11:05:37
301418,协昌科技,37.66,-1.41,46918101.96,-449001.0,-0.96,704766.0,-1153767.0,-2194783.0,2643785.0,即时,2026-07-16 11:05:38
300634,彩讯股份,19.2,2.73,128184302.89,-492168.0,-0.38,-2484594.0,1992426.0,-927800.0,1419968.0,即时,2026-07-16 11:05:38
002334,英威腾,6.71,0.3,36606820.0,-522009.0,-1.43,-1282480.0,760471.0,-401612.0,923622.0,即时,2026-07-16 11:05:37
301339,通行宝,10.41,1.07,26693799.02,-653959.0,-2.45,0.0,-653959.0,508663.0,145298.0,即时,2026-07-16 11:05:38
002833,弘亚数控,16.69,0.18,38272066.1,-664313.0,-1.74,0.0,-664313.0,233734.0,430579.0,即时,2026-07-16 11:05:37
002577,雷柏科技,17.93,2.87,48398249.0,-668594.0,-1.38,-1425641.0,757047.0,1128993.0,-460399.0,即时,2026-07-16 11:05:37
301137,哈焊华通,30.5,1.6,35276247.55,-690689.0,-1.96,-1118620.0,427931.0,-507794.0,1198483.0,即时,2026-07-16 11:05:38
002184,海得控制,9.48,1.39,31242568.68,-785619.0,-2.51,0.0,-785619.0,821311.0,-35692.0,即时,2026-07-16 11:05:37
300719,安达维尔,11.16,1.45,17344289.0,-789272.0,-4.55,0.0,-789272.0,914552.0,-125280.0,即时,2026-07-16 11:05:38
300380,安硕信息,28.47,-0.18,29835625.0,-815033.0,-2.73,0.0,-815033.0,-137963.0,952996.0,即时,2026-07-16 11:05:37
300091,*ST金灵,2.59,-0.38,4890045.2,-845596.0,-17.29,0.0,-845596.0,591720.0,253876.0,即时,2026-07-16 11:05:37
002279,久其软件,5.86,1.74,93616411.5,-874559.0,-0.93,1429563.0,-2304122.0,1139598.0,-265039.0,即时,2026-07-16 11:05:37
301159,三维天地,29.65,1.09,48797280.0,-921570.0,-1.89,0.0,-921570.0,-1176079.0,2097649.0,即时,2026-07-16 11:05:38
002055,ST得润,6.42,0.63,35191090.0,-940215.0,-2.67,390689.0,-1330904.0,350412.0,589803.0,即时,2026-07-16 11:05:36
300311,ST任子行,5.31,0.95,25550593.0,-981087.0,-3.84,-357643.0,-623444.0,-336768.0,1317856.0,即时,2026-07-16 11:05:37
605056,咸亨国际,14.53,-0.21,30368509.0,-990704.0,-3.26,0.0,-990704.0,1227819.0,-237115.0,即时,2026-07-16 11:05:39
300098,高新兴,4.44,2.07,88210305.22,-1003192.0,-1.14,2752808.0,-3756000.0,-7254313.0,8257505.0,即时,2026-07-16 11:05:37
002368,太极股份,13.78,2.07,78787201.78,-1030954.0,-1.31,2146781.0,-3177735.0,-4050481.0,5081435.0,即时,2026-07-16 11:05:37
300608,思特奇,9.52,2.81,65080699.49,-1056550.0,-1.62,561601.0,-1618151.0,-965986.0,2022537.0,即时,2026-07-16 11:05:38
002073,软控股份,5.43,0.93,43847593.4,-1084681.0,-2.47,538206.0,-1622887.0,-1020288.0,2104968.0,即时,2026-07-16 11:05:36
603656,泰禾智能,17.77,2.01,21400317.0,-1100808.0,-5.14,-1632353.0,531545.0,1876357.0,-775548.0,即时,2026-07-16 11:05:39
002367,康力电梯,5.66,-0.18,33140383.42,-1112894.0,-3.36,4144111.0,-5257005.0,2372231.0,-1259336.0,即时,2026-07-16 11:05:37
000682,东方电子,11.79,-0.34,66712711.0,-1133314.0,-1.7,656910.0,-1790224.0,-2054850.0,3188164.0,即时,2026-07-16 11:05:36
301112,信邦智能,31.45,1.0,16324965.0,-1184078.0,-7.25,0.0,-1184078.0,784348.0,399730.0,即时,2026-07-16 11:05:38
300943,春晖智控,31.82,-2.63,144782891.59,-1184974.0,-0.82,2694914.0,-3879888.0,3667060.0,-2482087.0,即时,2026-07-16 11:05:38
603960,克来机电,15.38,0.85,38595123.0,-1188456.0,-3.08,0.0,-1188456.0,874548.0,313908.0,即时,2026-07-16 11:05:39
002214,*ST大立,13.14,0.31,11691052.0,-1201519.0,-10.28,0.0,-1201519.0,1042629.0,158890.0,即时,2026-07-16 11:05:37
300836,佰奥智能,59.9,-0.86,36934673.15,-1212020.0,-3.28,869310.0,-2081330.0,2066595.0,-854576.0,即时,2026-07-16 11:05:38
603602,纵横通信,10.69,2.1,22893014.0,-1221628.0,-5.34,0.0,-1221628.0,-922085.0,2143713.0,即时,2026-07-16 11:05:39
300097,智云股份,7.87,0.77,25719967.0,-1234080.0,-4.8,-1196913.0,-37167.0,991621.0,242459.0,即时,2026-07-16 11:05:37
300730,科创信息,12.12,1.25,22680418.0,-1301882.0,-5.74,0.0,-1301882.0,532698.0,769184.0,即时,2026-07-16 11:05:38
300366,ST创意,4.67,1.97,18307861.0,-1355711.0,-7.41,0.0,-1355711.0,1987349.0,-631638.0,即时,2026-07-16 11:05:37
002284,亚太股份,9.41,1.4,83506163.25,-1381103.0,-1.65,-2962860.0,1581757.0,305133.0,1075971.0,即时,2026-07-16 11:05:37
000561,烽火电子,7.0,1.3,46416150.92,-1382487.0,-2.98,-1950994.0,568507.0,337552.0,1044935.0,即时,2026-07-16 11:05:36
002912,中新赛克,18.36,3.26,29978905.26,-1397341.0,-4.66,0.0,-1397341.0,-1097467.0,2494808.0,即时,2026-07-16 11:05:37
002527,新时达,11.04,0.73,78626263.92,-1406186.0,-1.79,-6756925.0,5350739.0,672394.0,733793.0,即时,2026-07-16 11:05:37
300193,佳士科技,7.66,0.66,13438179.0,-1461995.0,-10.88,0.0,-1461995.0,1422661.0,39334.0,即时,2026-07-16 11:05:37
300154,瑞凌股份,8.77,3.06,99239477.54,-1509243.0,-1.52,-1056242.0,-453001.0,7079575.0,-5570331.0,即时,2026-07-16 11:05:37
002943,宇晶股份,38.86,0.52,175569012.1,-1514975.0,-0.86,-10102937.0,8587962.0,-2238185.0,3753160.0,即时,2026-07-16 11:05:37
