timestamp,code,price,signal,reason,operation,status,quantity,fill_price,fill_quantity,cash,total_asset,intraday_position,avg_entry_price,realized_pnl,note
2026-08-03 11:11:00,513310,4.5240,hold,分钟K不足,hold,no_order,,,,10000.00,10000.00,,,0.00,
2026-08-03 11:11:30,513310,4.5270,hold,分钟K不足,hold,no_order,,,,10000.00,10000.00,,,0.00,
2026-08-03 11:12:00,513310,4.5210,hold,分钟K不足,hold,no_order,,,,10000.00,10000.00,,,0.00,
2026-08-03 11:12:30,513310,4.5150,hold,分钟K不足,hold,no_order,,,,10000.00,10000.00,,,0.00,
2026-08-03 11:13:00,513310,4.5155,hold,分钟K不足,hold,no_order,,,,10000.00,10000.00,,,0.00,
2026-08-03 11:13:30,513310,4.5160,hold,分钟K不足,hold,no_order,,,,10000.00,10000.00,,,0.00,
2026-08-03 11:14:00,513310,4.5210,hold,分钟K不足,hold,no_order,,,,10000.00,10000.00,,,0.00,
2026-08-03 11:14:30,513310,4.5250,hold,分钟K不足,hold,no_order,,,,10000.00,10000.00,,,0.00,
2026-08-03 11:15:00,513310,4.5235,hold,分钟K不足,hold,no_order,,,,10000.00,10000.00,,,0.00,
2026-08-03 11:15:30,513310,4.5220,hold,分钟K不足,hold,no_order,,,,10000.00,10000.00,,,0.00,
2026-08-03 11:16:00,513310,4.5195,hold,分钟K不足,hold,no_order,,,,10000.00,10000.00,,,0.00,
2026-08-03 11:16:30,513310,4.5170,hold,分钟K不足,hold,no_order,,,,10000.00,10000.00,,,0.00,
2026-08-03 11:17:00,513310,4.5195,hold,分钟K不足,hold,no_order,,,,10000.00,10000.00,,,0.00,
2026-08-03 11:17:30,513310,4.5220,hold,分钟K不足,hold,no_order,,,,10000.00,10000.00,,,0.00,
2026-08-03 11:18:00,513310,4.5230,hold,分钟K不足,hold,no_order,,,,10000.00,10000.00,,,0.00,
2026-08-03 11:18:30,513310,4.5220,hold,分钟K不足,hold,no_order,,,,10000.00,10000.00,,,0.00,
2026-08-03 11:19:00,513310,4.5245,hold,分钟K不足,hold,no_order,,,,10000.00,10000.00,,,0.00,
2026-08-03 11:19:30,513310,4.5270,hold,分钟K不足,hold,no_order,,,,10000.00,10000.00,,,0.00,
2026-08-03 11:20:00,513310,4.5290,hold,分钟K不足,hold,no_order,,,,10000.00,10000.00,,,0.00,
2026-08-03 11:20:30,513310,4.5290,hold,分钟K不足,hold,no_order,,,,10000.00,10000.00,,,0.00,
2026-08-03 11:21:00,513310,4.5260,hold,分钟K不足,hold,no_order,,,,10000.00,10000.00,,,0.00,
2026-08-03 11:21:30,513310,4.5230,hold,分钟K不足,hold,no_order,,,,10000.00,10000.00,,,0.00,
2026-08-03 11:22:00,513310,4.5210,hold,分钟K不足,hold,no_order,,,,10000.00,10000.00,,,0.00,
2026-08-03 11:22:30,513310,4.5200,hold,分钟K不足,hold,no_order,,,,10000.00,10000.00,,,0.00,
2026-08-03 11:23:00,513310,4.5175,hold,分钟K不足,hold,no_order,,,,10000.00,10000.00,,,0.00,
2026-08-03 11:23:30,513310,4.5160,hold,分钟K不足,hold,no_order,,,,10000.00,10000.00,,,0.00,
2026-08-03 11:24:00,513310,4.5175,hold,分钟K不足,hold,no_order,,,,10000.00,10000.00,,,0.00,
2026-08-03 11:24:30,513310,4.5180,hold,分钟K不足,hold,no_order,,,,10000.00,10000.00,,,0.00,
2026-08-03 11:25:00,513310,4.5190,hold,分钟K不足,hold,no_order,,,,10000.00,10000.00,,,0.00,
2026-08-03 11:25:30,513310,4.5190,hold,反抽确认K不足,hold,no_order,,,,10000.00,10000.00,,,0.00,
2026-08-03 11:26:00,513310,4.5200,hold,反抽确认K不足,hold,no_order,,,,10000.00,10000.00,,,0.00,
2026-08-03 11:26:30,513310,4.5200,hold,反抽确认K不足,hold,no_order,,,,10000.00,10000.00,,,0.00,
2026-08-03 11:27:00,513310,4.5110,hold,反抽确认K不足,hold,no_order,,,,10000.00,10000.00,,,0.00,
2026-08-03 11:27:30,513310,4.5020,hold,反抽确认K不足,hold,no_order,,,,10000.00,10000.00,,,0.00,
2026-08-03 11:28:00,513310,4.5100,hold,反抽确认K不足,hold,no_order,,,,10000.00,10000.00,,,0.00,
2026-08-03 11:28:30,513310,4.5160,hold,反抽确认K不足,hold,no_order,,,,10000.00,10000.00,,,0.00,
2026-08-03 11:29:00,513310,4.5185,hold,反抽确认K不足,hold,no_order,,,,10000.00,10000.00,,,0.00,
2026-08-03 11:29:30,513310,4.5190,hold,反抽确认K不足,hold,no_order,,,,10000.00,10000.00,,,0.00,
2026-08-03 11:30:00,513310,4.5180,hold,反抽确认K不足,hold,no_order,,,,10000.00,10000.00,,,0.00,
2026-08-03 11:30:30,513310,4.5180,hold,反抽确认K不足,hold,no_order,,,,10000.00,10000.00,,,0.00,
2026-08-03 13:01:00,513310,4.5160,hold,反抽确认K不足,hold,no_order,,,,10000.00,10000.00,,,0.00,
2026-08-03 13:01:30,513310,4.5140,hold,反抽确认K不足,hold,no_order,,,,10000.00,10000.00,,,0.00,
2026-08-03 13:02:00,513310,4.5205,hold,反抽确认K不足,hold,no_order,,,,10000.00,10000.00,,,0.00,
2026-08-03 13:02:30,513310,4.5260,hold,反抽确认K不足,hold,no_order,,,,10000.00,10000.00,,,0.00,
2026-08-03 13:03:00,513310,4.5325,hold,反抽确认K不足,hold,no_order,,,,10000.00,10000.00,,,0.00,
2026-08-03 13:03:30,513310,4.5400,hold,反抽确认K不足,hold,no_order,,,,10000.00,10000.00,,,0.00,
2026-08-03 13:04:00,513310,4.5340,hold,反抽确认K不足,hold,no_order,,,,10000.00,10000.00,,,0.00,
2026-08-03 13:04:30,513310,4.5280,hold,未出现超跌反抽确认,hold,no_order,,,,10000.00,10000.00,,,0.00,
2026-08-03 13:05:00,513310,4.5290,hold,未出现超跌反抽确认,hold,no_order,,,,10000.00,10000.00,,,0.00,
2026-08-03 13:05:30,513310,4.5280,hold,未出现超跌反抽确认,hold,no_order,,,,10000.00,10000.00,,,0.00,
2026-08-03 13:06:00,513310,4.5230,hold,未出现超跌反抽确认,hold,no_order,,,,10000.00,10000.00,,,0.00,
2026-08-03 13:06:30,513310,4.5180,hold,未出现超跌反抽确认,hold,no_order,,,,10000.00,10000.00,,,0.00,
2026-08-03 13:07:00,513310,4.5195,hold,未出现超跌反抽确认,hold,no_order,,,,10000.00,10000.00,,,0.00,
2026-08-03 13:07:30,513310,4.5200,hold,未出现超跌反抽确认,hold,no_order,,,,10000.00,10000.00,,,0.00,
2026-08-03 13:08:00,513310,4.5170,hold,未出现超跌反抽确认,hold,no_order,,,,10000.00,10000.00,,,0.00,
2026-08-03 13:08:30,513310,4.5160,hold,未出现超跌反抽确认,hold,no_order,,,,10000.00,10000.00,,,0.00,
2026-08-03 13:09:00,513310,4.5155,hold,未出现超跌反抽确认,hold,no_order,,,,10000.00,10000.00,,,0.00,
2026-08-03 13:09:30,513310,4.5150,hold,未出现超跌反抽确认,hold,no_order,,,,10000.00,10000.00,,,0.00,
2026-08-03 13:10:00,513310,4.5165,hold,未出现超跌反抽确认,hold,no_order,,,,10000.00,10000.00,,,0.00,
2026-08-03 13:10:30,513310,4.5180,hold,未出现超跌反抽确认,hold,no_order,,,,10000.00,10000.00,,,0.00,
2026-08-03 13:11:00,513310,4.5190,hold,未出现超跌反抽确认,hold,no_order,,,,10000.00,10000.00,,,0.00,
2026-08-03 13:11:30,513310,4.5200,hold,未出现超跌反抽确认,hold,no_order,,,,10000.00,10000.00,,,0.00,
2026-08-03 13:12:00,513310,4.5185,hold,未出现超跌反抽确认,hold,no_order,,,,10000.00,10000.00,,,0.00,
2026-08-03 13:12:30,513310,4.5180,hold,未出现超跌反抽确认,hold,no_order,,,,10000.00,10000.00,,,0.00,
2026-08-03 13:13:00,513310,4.5195,hold,未出现超跌反抽确认,hold,no_order,,,,10000.00,10000.00,,,0.00,
2026-08-03 13:13:30,513310,4.5220,hold,未出现超跌反抽确认,hold,no_order,,,,10000.00,10000.00,,,0.00,
2026-08-03 13:14:00,513310,4.5200,hold,未出现超跌反抽确认,hold,no_order,,,,10000.00,10000.00,,,0.00,
2026-08-03 13:14:30,513310,4.5190,hold,未出现超跌反抽确认,hold,no_order,,,,10000.00,10000.00,,,0.00,
2026-08-03 13:15:00,513310,4.5170,hold,未出现超跌反抽确认,hold,no_order,,,,10000.00,10000.00,,,0.00,
2026-08-03 13:15:30,513310,4.5150,hold,未出现超跌反抽确认,hold,no_order,,,,10000.00,10000.00,,,0.00,
2026-08-03 13:16:00,513310,4.5135,hold,未出现超跌反抽确认,hold,no_order,,,,10000.00,10000.00,,,0.00,
2026-08-03 13:16:30,513310,4.5130,hold,未出现超跌反抽确认,hold,no_order,,,,10000.00,10000.00,,,0.00,
2026-08-03 13:17:00,513310,4.5055,hold,未出现超跌反抽确认,hold,no_order,,,,10000.00,10000.00,,,0.00,
2026-08-03 13:17:30,513310,4.4990,hold,未出现超跌反抽确认,hold,no_order,,,,10000.00,10000.00,,,0.00,
2026-08-03 13:18:00,513310,4.4910,hold,未出现超跌反抽确认,hold,no_order,,,,10000.00,10000.00,,,0.00,
2026-08-03 13:18:30,513310,4.4820,hold,未出现超跌反抽确认,hold,no_order,,,,10000.00,10000.00,,,0.00,
2026-08-03 13:19:00,513310,4.4865,hold,未出现超跌反抽确认,hold,no_order,,,,10000.00,10000.00,,,0.00,
2026-08-03 13:19:30,513310,4.4890,hold,未出现超跌反抽确认,hold,no_order,,,,10000.00,10000.00,,,0.00,
2026-08-03 13:20:00,513310,4.4890,hold,未出现超跌反抽确认,hold,no_order,,,,10000.00,10000.00,,,0.00,
2026-08-03 13:20:30,513310,4.4890,hold,未出现超跌反抽确认,hold,no_order,,,,10000.00,10000.00,,,0.00,
2026-08-03 13:21:00,513310,4.4900,hold,未出现超跌反抽确认,hold,no_order,,,,10000.00,10000.00,,,0.00,
2026-08-03 13:21:30,513310,4.4910,hold,未出现超跌反抽确认,hold,no_order,,,,10000.00,10000.00,,,0.00,
2026-08-03 13:22:00,513310,4.4940,hold,未出现超跌反抽确认,hold,no_order,,,,10000.00,10000.00,,,0.00,
2026-08-03 13:22:30,513310,4.4970,hold,未出现超跌反抽确认,hold,no_order,,,,10000.00,10000.00,,,0.00,
2026-08-03 13:23:00,513310,4.4955,hold,未出现超跌反抽确认,hold,no_order,,,,10000.00,10000.00,,,0.00,
2026-08-03 13:23:30,513310,4.4940,hold,未出现超跌反抽确认,hold,no_order,,,,10000.00,10000.00,,,0.00,
2026-08-03 13:24:00,513310,4.4960,hold,未出现超跌反抽确认,hold,no_order,,,,10000.00,10000.00,,,0.00,
2026-08-03 13:24:30,513310,4.4970,hold,未出现超跌反抽确认,hold,no_order,,,,10000.00,10000.00,,,0.00,
2026-08-03 13:25:00,513310,4.4975,hold,未出现超跌反抽确认,hold,no_order,,,,10000.00,10000.00,,,0.00,
2026-08-03 13:25:30,513310,4.4970,hold,未出现超跌反抽确认,hold,no_order,,,,10000.00,10000.00,,,0.00,
2026-08-03 13:26:00,513310,4.4995,hold,未出现超跌反抽确认,hold,no_order,,,,10000.00,10000.00,,,0.00,
2026-08-03 13:26:30,513310,4.5020,hold,未出现超跌反抽确认,hold,no_order,,,,10000.00,10000.00,,,0.00,
2026-08-03 13:27:00,513310,4.4960,hold,未出现超跌反抽确认,hold,no_order,,,,10000.00,10000.00,,,0.00,
2026-08-03 13:27:30,513310,4.4900,hold,未出现超跌反抽确认,hold,no_order,,,,10000.00,10000.00,,,0.00,
2026-08-03 13:28:00,513310,4.4905,hold,未出现超跌反抽确认,hold,no_order,,,,10000.00,10000.00,,,0.00,
2026-08-03 13:28:30,513310,4.4920,hold,未出现超跌反抽确认,hold,no_order,,,,10000.00,10000.00,,,0.00,
2026-08-03 13:29:00,513310,4.4930,hold,未出现超跌反抽确认,hold,no_order,,,,10000.00,10000.00,,,0.00,
2026-08-03 13:29:30,513310,4.4950,hold,未出现超跌反抽确认,hold,no_order,,,,10000.00,10000.00,,,0.00,
2026-08-03 13:30:00,513310,4.4940,hold,未出现超跌反抽确认,hold,no_order,,,,10000.00,10000.00,,,0.00,
2026-08-03 13:30:30,513310,4.4930,hold,未出现超跌反抽确认,hold,no_order,,,,10000.00,10000.00,,,0.00,
2026-08-03 13:31:00,513310,4.4950,hold,未出现超跌反抽确认,hold,no_order,,,,10000.00,10000.00,,,0.00,
2026-08-03 13:31:30,513310,4.4980,hold,未出现超跌反抽确认,hold,no_order,,,,10000.00,10000.00,,,0.00,
2026-08-03 13:32:00,513310,4.4955,hold,未出现超跌反抽确认,hold,no_order,,,,10000.00,10000.00,,,0.00,
2026-08-03 13:32:30,513310,4.4920,hold,未出现超跌反抽确认,hold,no_order,,,,10000.00,10000.00,,,0.00,
2026-08-03 13:33:00,513310,4.4885,hold,未出现超跌反抽确认,hold,no_order,,,,10000.00,10000.00,,,0.00,
2026-08-03 13:33:30,513310,4.4850,hold,未出现超跌反抽确认,hold,no_order,,,,10000.00,10000.00,,,0.00,
2026-08-03 13:34:00,513310,4.4840,hold,未出现超跌反抽确认,hold,no_order,,,,10000.00,10000.00,,,0.00,
2026-08-03 13:34:30,513310,4.4830,hold,未出现超跌反抽确认,hold,no_order,,,,10000.00,10000.00,,,0.00,
2026-08-03 13:35:00,513310,4.4825,hold,未出现超跌反抽确认,hold,no_order,,,,10000.00,10000.00,,,0.00,
2026-08-03 13:35:30,513310,4.4830,hold,未出现超跌反抽确认,hold,no_order,,,,10000.00,10000.00,,,0.00,
2026-08-03 13:36:00,513310,4.4765,hold,未出现超跌反抽确认,hold,no_order,,,,10000.00,10000.00,,,0.00,
2026-08-03 13:36:30,513310,4.4700,hold,未出现超跌反抽确认,hold,no_order,,,,10000.00,10000.00,,,0.00,
2026-08-03 13:37:00,513310,4.4710,hold,未出现超跌反抽确认,hold,no_order,,,,10000.00,10000.00,,,0.00,
2026-08-03 13:37:30,513310,4.4720,hold,未出现超跌反抽确认,hold,no_order,,,,10000.00,10000.00,,,0.00,
2026-08-03 13:38:00,513310,4.4790,hold,未出现超跌反抽确认,hold,no_order,,,,10000.00,10000.00,,,0.00,
2026-08-03 13:38:30,513310,4.4860,hold,未出现超跌反抽确认,hold,no_order,,,,10000.00,10000.00,,,0.00,
2026-08-03 13:39:00,513310,4.4840,hold,未出现超跌反抽确认,hold,no_order,,,,10000.00,10000.00,,,0.00,
2026-08-03 13:39:30,513310,4.4820,hold,未出现超跌反抽确认,hold,no_order,,,,10000.00,10000.00,,,0.00,
2026-08-03 13:40:00,513310,4.4805,hold,未出现超跌反抽确认,hold,no_order,,,,10000.00,10000.00,,,0.00,
2026-08-03 13:40:30,513310,4.4790,hold,未出现超跌反抽确认,hold,no_order,,,,10000.00,10000.00,,,0.00,
2026-08-03 13:41:00,513310,4.4795,hold,未出现超跌反抽确认,hold,no_order,,,,10000.00,10000.00,,,0.00,
2026-08-03 13:41:30,513310,4.4810,hold,未出现超跌反抽确认,hold,no_order,,,,10000.00,10000.00,,,0.00,
2026-08-03 13:42:00,513310,4.4800,hold,未出现超跌反抽确认,hold,no_order,,,,10000.00,10000.00,,,0.00,
2026-08-03 13:42:30,513310,4.4790,hold,未出现超跌反抽确认,hold,no_order,,,,10000.00,10000.00,,,0.00,
2026-08-03 13:43:00,513310,4.4795,hold,未出现超跌反抽确认,hold,no_order,,,,10000.00,10000.00,,,0.00,
2026-08-03 13:43:30,513310,4.4790,hold,未出现超跌反抽确认,hold,no_order,,,,10000.00,10000.00,,,0.00,
2026-08-03 13:44:00,513310,4.4810,hold,未出现超跌反抽确认,hold,no_order,,,,10000.00,10000.00,,,0.00,
2026-08-03 13:44:30,513310,4.4830,hold,未出现超跌反抽确认,hold,no_order,,,,10000.00,10000.00,,,0.00,
2026-08-03 13:45:00,513310,4.4805,hold,未出现超跌反抽确认,hold,no_order,,,,10000.00,10000.00,,,0.00,
2026-08-03 13:45:30,513310,4.4780,hold,未出现超跌反抽确认,hold,no_order,,,,10000.00,10000.00,,,0.00,
2026-08-03 13:46:00,513310,4.4785,hold,未出现超跌反抽确认,hold,no_order,,,,10000.00,10000.00,,,0.00,
2026-08-03 13:46:30,513310,4.4780,hold,未出现超跌反抽确认,hold,no_order,,,,10000.00,10000.00,,,0.00,
2026-08-03 13:47:00,513310,4.4790,hold,未出现超跌反抽确认,hold,no_order,,,,10000.00,10000.00,,,0.00,
2026-08-03 13:47:30,513310,4.4800,hold,未出现超跌反抽确认,hold,no_order,,,,10000.00,10000.00,,,0.00,
2026-08-03 13:48:00,513310,4.4765,hold,未出现超跌反抽确认,hold,no_order,,,,10000.00,10000.00,,,0.00,
2026-08-03 13:48:30,513310,4.4750,hold,未出现超跌反抽确认,hold,no_order,,,,10000.00,10000.00,,,0.00,
2026-08-03 13:49:00,513310,4.4740,hold,未出现超跌反抽确认,hold,no_order,,,,10000.00,10000.00,,,0.00,
2026-08-03 13:49:30,513310,4.4730,hold,未出现超跌反抽确认,hold,no_order,,,,10000.00,10000.00,,,0.00,
2026-08-03 13:50:00,513310,4.4640,hold,未出现超跌反抽确认,hold,no_order,,,,10000.00,10000.00,,,0.00,
2026-08-03 13:50:30,513310,4.4550,hold,未出现超跌反抽确认,hold,no_order,,,,10000.00,10000.00,,,0.00,
2026-08-03 13:51:00,513310,4.4585,hold,未出现超跌反抽确认,hold,no_order,,,,10000.00,10000.00,,,0.00,
2026-08-03 13:51:30,513310,4.4600,hold,未出现超跌反抽确认,hold,no_order,,,,10000.00,10000.00,,,0.00,
2026-08-03 13:52:00,513310,4.4595,hold,未出现超跌反抽确认,hold,no_order,,,,10000.00,10000.00,,,0.00,
2026-08-03 13:52:30,513310,4.4580,hold,未出现超跌反抽确认,hold,no_order,,,,10000.00,10000.00,,,0.00,
2026-08-03 13:53:00,513310,4.4615,hold,未出现超跌反抽确认,hold,no_order,,,,10000.00,10000.00,,,0.00,
2026-08-03 13:53:30,513310,4.4650,hold,未出现超跌反抽确认,hold,no_order,,,,10000.00,10000.00,,,0.00,
2026-08-03 13:54:00,513310,4.4605,hold,未出现超跌反抽确认,hold,no_order,,,,10000.00,10000.00,,,0.00,
2026-08-03 13:54:30,513310,4.4560,hold,未出现超跌反抽确认,hold,no_order,,,,10000.00,10000.00,,,0.00,
2026-08-03 13:55:00,513310,4.4455,hold,未出现超跌反抽确认,hold,no_order,,,,10000.00,10000.00,,,0.00,
2026-08-03 13:55:30,513310,4.4360,hold,日内跌幅过大，不接单边下跌 -1.88%,hold,no_order,,,,10000.00,10000.00,,,0.00,
2026-08-03 13:56:00,513310,4.4375,hold,日内跌幅过大，不接单边下跌 -1.85%,hold,no_order,,,,10000.00,10000.00,,,0.00,
2026-08-03 13:56:30,513310,4.4380,hold,日内跌幅过大，不接单边下跌 -1.84%,hold,no_order,,,,10000.00,10000.00,,,0.00,
2026-08-03 13:57:00,513310,4.4365,hold,日内跌幅过大，不接单边下跌 -1.87%,hold,no_order,,,,10000.00,10000.00,,,0.00,
2026-08-03 13:57:30,513310,4.4350,hold,日内跌幅过大，不接单边下跌 -1.90%,hold,no_order,,,,10000.00,10000.00,,,0.00,
2026-08-03 13:58:00,513310,4.4255,hold,日内跌幅过大，不接单边下跌 -2.11%,hold,no_order,,,,10000.00,10000.00,,,0.00,
2026-08-03 13:58:30,513310,4.4160,hold,日内跌幅过大，不接单边下跌 -2.32%,hold,no_order,,,,10000.00,10000.00,,,0.00,
2026-08-03 13:59:00,513310,4.4160,hold,日内跌幅过大，不接单边下跌 -2.32%,hold,no_order,,,,10000.00,10000.00,,,0.00,
2026-08-03 13:59:30,513310,4.4170,hold,日内跌幅过大，不接单边下跌 -2.30%,hold,no_order,,,,10000.00,10000.00,,,0.00,
2026-08-03 14:00:00,513310,4.4180,hold,日内跌幅过大，不接单边下跌 -2.28%,hold,no_order,,,,10000.00,10000.00,,,0.00,
2026-08-03 14:00:30,513310,4.4200,hold,日内跌幅过大，不接单边下跌 -2.23%,hold,no_order,,,,10000.00,10000.00,,,0.00,
2026-08-03 14:01:00,513310,4.4225,hold,日内跌幅过大，不接单边下跌 -2.18%,hold,no_order,,,,10000.00,10000.00,,,0.00,
2026-08-03 14:01:30,513310,4.4250,hold,日内跌幅过大，不接单边下跌 -2.12%,hold,no_order,,,,10000.00,10000.00,,,0.00,
2026-08-03 14:02:00,513310,4.4265,hold,日内跌幅过大，不接单边下跌 -2.09%,hold,no_order,,,,10000.00,10000.00,,,0.00,
2026-08-03 14:02:30,513310,4.4290,hold,日内跌幅过大，不接单边下跌 -2.03%,hold,no_order,,,,10000.00,10000.00,,,0.00,
2026-08-03 14:03:00,513310,4.4295,hold,日内跌幅过大，不接单边下跌 -2.02%,hold,no_order,,,,10000.00,10000.00,,,0.00,
2026-08-03 14:03:30,513310,4.4300,hold,日内跌幅过大，不接单边下跌 -2.01%,hold,no_order,,,,10000.00,10000.00,,,0.00,
2026-08-03 14:04:00,513310,4.4260,hold,日内跌幅过大，不接单边下跌 -2.10%,hold,no_order,,,,10000.00,10000.00,,,0.00,
2026-08-03 14:04:30,513310,4.4220,hold,日内跌幅过大，不接单边下跌 -2.19%,hold,no_order,,,,10000.00,10000.00,,,0.00,
2026-08-03 14:05:00,513310,4.4220,hold,日内跌幅过大，不接单边下跌 -2.19%,hold,no_order,,,,10000.00,10000.00,,,0.00,
2026-08-03 14:05:30,513310,4.4220,hold,日内跌幅过大，不接单边下跌 -2.19%,hold,no_order,,,,10000.00,10000.00,,,0.00,
2026-08-03 14:06:00,513310,4.4240,hold,日内跌幅过大，不接单边下跌 -2.15%,hold,no_order,,,,10000.00,10000.00,,,0.00,
2026-08-03 14:06:30,513310,4.4260,hold,日内跌幅过大，不接单边下跌 -2.10%,hold,no_order,,,,10000.00,10000.00,,,0.00,
2026-08-03 14:07:00,513310,4.4225,hold,日内跌幅过大，不接单边下跌 -2.18%,hold,no_order,,,,10000.00,10000.00,,,0.00,
2026-08-03 14:07:30,513310,4.4200,hold,日内跌幅过大，不接单边下跌 -2.23%,hold,no_order,,,,10000.00,10000.00,,,0.00,
2026-08-03 14:08:00,513310,4.4130,hold,日内跌幅过大，不接单边下跌 -2.39%,hold,no_order,,,,10000.00,10000.00,,,0.00,
2026-08-03 14:08:30,513310,4.4060,hold,日内跌幅过大，不接单边下跌 -2.54%,hold,no_order,,,,10000.00,10000.00,,,0.00,
2026-08-03 14:09:00,513310,4.4060,hold,日内跌幅过大，不接单边下跌 -2.54%,hold,no_order,,,,10000.00,10000.00,,,0.00,
2026-08-03 14:09:30,513310,4.4040,hold,日内跌幅过大，不接单边下跌 -2.59%,hold,no_order,,,,10000.00,10000.00,,,0.00,
2026-08-03 14:10:00,513310,4.4065,hold,日内跌幅过大，不接单边下跌 -2.53%,hold,no_order,,,,10000.00,10000.00,,,0.00,
2026-08-03 14:10:30,513310,4.4080,hold,日内跌幅过大，不接单边下跌 -2.50%,hold,no_order,,,,10000.00,10000.00,,,0.00,
2026-08-03 14:11:00,513310,4.4165,hold,日内跌幅过大，不接单边下跌 -2.31%,hold,no_order,,,,10000.00,10000.00,,,0.00,
2026-08-03 14:11:30,513310,4.4230,hold,日内跌幅过大，不接单边下跌 -2.17%,hold,no_order,,,,10000.00,10000.00,,,0.00,
2026-08-03 14:12:00,513310,4.4365,hold,日内跌幅过大，不接单边下跌 -1.87%,hold,no_order,,,,10000.00,10000.00,,,0.00,
2026-08-03 14:12:30,513310,4.4470,hold,未出现超跌反抽确认,hold,no_order,,,,10000.00,10000.00,,,0.00,
2026-08-03 14:13:00,513310,4.4415,hold,未出现超跌反抽确认,hold,no_order,,,,10000.00,10000.00,,,0.00,
2026-08-03 14:13:30,513310,4.4350,hold,日内跌幅过大，不接单边下跌 -1.90%,hold,no_order,,,,10000.00,10000.00,,,0.00,
2026-08-03 14:14:00,513310,4.4510,hold,未出现超跌反抽确认,hold,no_order,,,,10000.00,10000.00,,,0.00,
2026-08-03 14:14:30,513310,4.4650,hold,未出现超跌反抽确认,hold,no_order,,,,10000.00,10000.00,,,0.00,
2026-08-03 14:15:00,513310,4.4670,hold,未出现超跌反抽确认,hold,no_order,,,,10000.00,10000.00,,,0.00,
2026-08-03 14:15:30,513310,4.4680,hold,未出现超跌反抽确认,hold,no_order,,,,10000.00,10000.00,,,0.00,
2026-08-03 14:16:00,513310,4.4590,hold,未出现超跌反抽确认,hold,no_order,,,,10000.00,10000.00,,,0.00,
2026-08-03 14:16:30,513310,4.4470,hold,未出现超跌反抽确认,hold,no_order,,,,10000.00,10000.00,,,0.00,
2026-08-03 14:17:00,513310,4.4435,hold,未出现超跌反抽确认,hold,no_order,,,,10000.00,10000.00,,,0.00,
2026-08-03 14:17:30,513310,4.4410,hold,未出现超跌反抽确认,hold,no_order,,,,10000.00,10000.00,,,0.00,
2026-08-03 14:18:00,513310,4.4445,hold,未出现超跌反抽确认,hold,no_order,,,,10000.00,10000.00,,,0.00,
2026-08-03 14:18:30,513310,4.4460,hold,未出现超跌反抽确认,hold,no_order,,,,10000.00,10000.00,,,0.00,
2026-08-03 14:19:00,513310,4.4410,hold,未出现超跌反抽确认,hold,no_order,,,,10000.00,10000.00,,,0.00,
2026-08-03 14:19:30,513310,4.4370,hold,日内跌幅过大，不接单边下跌 -1.86%,hold,no_order,,,,10000.00,10000.00,,,0.00,
2026-08-03 14:20:00,513310,4.4380,hold,日内跌幅过大，不接单边下跌 -1.84%,hold,no_order,,,,10000.00,10000.00,,,0.00,
2026-08-03 14:20:30,513310,4.4390,hold,日内跌幅过大，不接单边下跌 -1.81%,hold,no_order,,,,10000.00,10000.00,,,0.00,
2026-08-03 14:21:00,513310,4.4350,hold,日内跌幅过大，不接单边下跌 -1.90%,hold,no_order,,,,10000.00,10000.00,,,0.00,
2026-08-03 14:21:30,513310,4.4330,hold,日内跌幅过大，不接单边下跌 -1.95%,hold,no_order,,,,10000.00,10000.00,,,0.00,
2026-08-03 14:22:00,513310,4.4370,hold,日内跌幅过大，不接单边下跌 -1.86%,hold,no_order,,,,10000.00,10000.00,,,0.00,
2026-08-03 14:22:30,513310,4.4420,hold,未出现超跌反抽确认,hold,no_order,,,,10000.00,10000.00,,,0.00,
2026-08-03 14:23:00,513310,4.4550,hold,未出现超跌反抽确认,hold,no_order,,,,10000.00,10000.00,,,0.00,
2026-08-03 14:23:30,513310,4.4660,hold,未出现超跌反抽确认,hold,no_order,,,,10000.00,10000.00,,,0.00,
2026-08-03 14:24:00,513310,4.4600,hold,未出现超跌反抽确认,hold,no_order,,,,10000.00,10000.00,,,0.00,
2026-08-03 14:24:30,513310,4.4550,hold,未出现超跌反抽确认,hold,no_order,,,,10000.00,10000.00,,,0.00,
2026-08-03 14:25:00,513310,4.4590,hold,未出现超跌反抽确认,hold,no_order,,,,10000.00,10000.00,,,0.00,
2026-08-03 14:25:30,513310,4.4640,hold,未出现超跌反抽确认,hold,no_order,,,,10000.00,10000.00,,,0.00,
2026-08-03 14:26:00,513310,4.4645,hold,未出现超跌反抽确认,hold,no_order,,,,10000.00,10000.00,,,0.00,
2026-08-03 14:26:30,513310,4.4590,hold,未出现超跌反抽确认,hold,no_order,,,,10000.00,10000.00,,,0.00,
2026-08-03 14:27:00,513310,4.4535,hold,未出现超跌反抽确认,hold,no_order,,,,10000.00,10000.00,,,0.00,
2026-08-03 14:27:30,513310,4.4470,hold,未出现超跌反抽确认,hold,no_order,,,,10000.00,10000.00,,,0.00,
2026-08-03 14:28:00,513310,4.4465,hold,未出现超跌反抽确认,hold,no_order,,,,10000.00,10000.00,,,0.00,
2026-08-03 14:28:30,513310,4.4480,hold,未出现超跌反抽确认,hold,no_order,,,,10000.00,10000.00,,,0.00,
2026-08-03 14:29:00,513310,4.4425,hold,未出现超跌反抽确认,hold,no_order,,,,10000.00,10000.00,,,0.00,
2026-08-03 14:29:30,513310,4.4380,hold,日内跌幅过大，不接单边下跌 -1.84%,hold,no_order,,,,10000.00,10000.00,,,0.00,
2026-08-03 14:30:00,513310,4.4345,hold,日内跌幅过大，不接单边下跌 -1.91%,hold,no_order,,,,10000.00,10000.00,,,0.00,
2026-08-03 14:30:30,513310,4.4330,hold,日内跌幅过大，不接单边下跌 -1.95%,hold,no_order,,,,10000.00,10000.00,,,0.00,
2026-08-03 14:31:00,513310,4.4365,hold,日内跌幅过大，不接单边下跌 -1.87%,hold,no_order,,,,10000.00,10000.00,,,0.00,
2026-08-03 14:31:30,513310,4.4400,hold,未出现超跌反抽确认,hold,no_order,,,,10000.00,10000.00,,,0.00,
2026-08-03 14:32:00,513310,4.4370,hold,日内跌幅过大，不接单边下跌 -1.86%,hold,no_order,,,,10000.00,10000.00,,,0.00,
2026-08-03 14:32:30,513310,4.4350,hold,日内跌幅过大，不接单边下跌 -1.90%,hold,no_order,,,,10000.00,10000.00,,,0.00,
2026-08-03 14:33:00,513310,4.4255,hold,日内跌幅过大，不接单边下跌 -2.11%,hold,no_order,,,,10000.00,10000.00,,,0.00,
2026-08-03 14:33:30,513310,4.4190,hold,日内跌幅过大，不接单边下跌 -2.26%,hold,no_order,,,,10000.00,10000.00,,,0.00,
2026-08-03 14:34:00,513310,4.4230,hold,日内跌幅过大，不接单边下跌 -2.17%,hold,no_order,,,,10000.00,10000.00,,,0.00,
2026-08-03 14:34:30,513310,4.4270,hold,日内跌幅过大，不接单边下跌 -2.08%,hold,no_order,,,,10000.00,10000.00,,,0.00,
2026-08-03 14:35:00,513310,4.4240,hold,接近尾盘不再开T仓,hold,no_order,,,,10000.00,10000.00,,,0.00,
2026-08-03 14:35:30,513310,4.4220,hold,接近尾盘不再开T仓,hold,no_order,,,,10000.00,10000.00,,,0.00,
2026-08-03 14:36:00,513310,4.4265,hold,接近尾盘不再开T仓,hold,no_order,,,,10000.00,10000.00,,,0.00,
2026-08-03 14:36:30,513310,4.4280,hold,接近尾盘不再开T仓,hold,no_order,,,,10000.00,10000.00,,,0.00,
2026-08-03 14:37:00,513310,4.4260,hold,接近尾盘不再开T仓,hold,no_order,,,,10000.00,10000.00,,,0.00,
2026-08-03 14:37:30,513310,4.4250,hold,接近尾盘不再开T仓,hold,no_order,,,,10000.00,10000.00,,,0.00,
2026-08-03 14:38:00,513310,4.4220,hold,接近尾盘不再开T仓,hold,no_order,,,,10000.00,10000.00,,,0.00,
2026-08-03 14:38:30,513310,4.4190,hold,接近尾盘不再开T仓,hold,no_order,,,,10000.00,10000.00,,,0.00,
2026-08-03 14:39:00,513310,4.4195,hold,接近尾盘不再开T仓,hold,no_order,,,,10000.00,10000.00,,,0.00,
2026-08-03 14:39:30,513310,4.4210,hold,接近尾盘不再开T仓,hold,no_order,,,,10000.00,10000.00,,,0.00,
2026-08-03 14:40:00,513310,4.4205,hold,接近尾盘不再开T仓,hold,no_order,,,,10000.00,10000.00,,,0.00,
2026-08-03 14:40:30,513310,4.4200,hold,接近尾盘不再开T仓,hold,no_order,,,,10000.00,10000.00,,,0.00,
2026-08-03 14:41:00,513310,4.4130,hold,接近尾盘不再开T仓,hold,no_order,,,,10000.00,10000.00,,,0.00,
2026-08-03 14:41:30,513310,4.4060,hold,接近尾盘不再开T仓,hold,no_order,,,,10000.00,10000.00,,,0.00,
2026-08-03 14:42:00,513310,4.4100,hold,接近尾盘不再开T仓,hold,no_order,,,,10000.00,10000.00,,,0.00,
2026-08-03 14:42:30,513310,4.4150,hold,接近尾盘不再开T仓,hold,no_order,,,,10000.00,10000.00,,,0.00,
2026-08-03 14:43:00,513310,4.4145,hold,接近尾盘不再开T仓,hold,no_order,,,,10000.00,10000.00,,,0.00,
2026-08-03 14:43:30,513310,4.4160,hold,接近尾盘不再开T仓,hold,no_order,,,,10000.00,10000.00,,,0.00,
2026-08-03 14:44:00,513310,4.4175,hold,接近尾盘不再开T仓,hold,no_order,,,,10000.00,10000.00,,,0.00,
2026-08-03 14:44:30,513310,4.4190,hold,接近尾盘不再开T仓,hold,no_order,,,,10000.00,10000.00,,,0.00,
2026-08-03 14:45:00,513310,4.4185,hold,接近尾盘不再开T仓,hold,no_order,,,,10000.00,10000.00,,,0.00,
2026-08-03 14:45:30,513310,4.4200,hold,接近尾盘不再开T仓,hold,no_order,,,,10000.00,10000.00,,,0.00,
2026-08-03 14:46:00,513310,4.4215,hold,接近尾盘不再开T仓,hold,no_order,,,,10000.00,10000.00,,,0.00,
2026-08-03 14:46:30,513310,4.4240,hold,接近尾盘不再开T仓,hold,no_order,,,,10000.00,10000.00,,,0.00,
2026-08-03 14:47:00,513310,4.4220,hold,接近尾盘不再开T仓,hold,no_order,,,,10000.00,10000.00,,,0.00,
2026-08-03 14:47:30,513310,4.4200,hold,接近尾盘不再开T仓,hold,no_order,,,,10000.00,10000.00,,,0.00,
2026-08-03 14:48:00,513310,4.4140,hold,接近尾盘不再开T仓,hold,no_order,,,,10000.00,10000.00,,,0.00,
2026-08-03 14:48:30,513310,4.4080,hold,接近尾盘不再开T仓,hold,no_order,,,,10000.00,10000.00,,,0.00,
2026-08-03 14:49:00,513310,4.4065,hold,接近尾盘不再开T仓,hold,no_order,,,,10000.00,10000.00,,,0.00,
2026-08-03 14:49:30,513310,4.4070,hold,接近尾盘不再开T仓,hold,no_order,,,,10000.00,10000.00,,,0.00,
2026-08-03 14:50:00,513310,4.4090,hold,接近尾盘不再开T仓,hold,no_order,,,,10000.00,10000.00,,,0.00,
2026-08-03 14:50:30,513310,4.4110,hold,接近尾盘不再开T仓,hold,no_order,,,,10000.00,10000.00,,,0.00,
2026-08-03 14:51:00,513310,4.4125,hold,接近尾盘不再开T仓,hold,no_order,,,,10000.00,10000.00,,,0.00,
2026-08-03 14:51:30,513310,4.4140,hold,接近尾盘不再开T仓,hold,no_order,,,,10000.00,10000.00,,,0.00,
2026-08-03 14:52:00,513310,4.4150,hold,接近尾盘不再开T仓,hold,no_order,,,,10000.00,10000.00,,,0.00,
2026-08-03 14:52:30,513310,4.4160,hold,接近尾盘不再开T仓,hold,no_order,,,,10000.00,10000.00,,,0.00,
2026-08-03 14:53:00,513310,4.4125,hold,接近尾盘不再开T仓,hold,no_order,,,,10000.00,10000.00,,,0.00,
2026-08-03 14:53:30,513310,4.4090,hold,接近尾盘不再开T仓,hold,no_order,,,,10000.00,10000.00,,,0.00,
2026-08-03 14:54:00,513310,4.4075,hold,接近尾盘不再开T仓,hold,no_order,,,,10000.00,10000.00,,,0.00,
2026-08-03 14:54:30,513310,4.4050,hold,接近尾盘不再开T仓,hold,no_order,,,,10000.00,10000.00,,,0.00,
2026-08-03 14:55:00,513310,4.4030,hold,接近尾盘不再开T仓,hold,no_order,,,,10000.00,10000.00,,,0.00,
2026-08-03 14:55:30,513310,4.4020,hold,接近尾盘不再开T仓,hold,no_order,,,,10000.00,10000.00,,,0.00,
2026-08-03 14:56:00,513310,4.3985,hold,接近尾盘不再开T仓,hold,no_order,,,,10000.00,10000.00,,,0.00,
2026-08-03 14:56:30,513310,4.3950,hold,接近尾盘不再开T仓,hold,no_order,,,,10000.00,10000.00,,,0.00,
2026-08-03 14:57:00,513310,4.4000,hold,接近尾盘不再开T仓,hold,no_order,,,,10000.00,10000.00,,,0.00,
2026-08-03 14:57:30,513310,4.4050,hold,接近尾盘不再开T仓,hold,no_order,,,,10000.00,10000.00,,,0.00,
2026-08-03 14:58:00,513310,4.4040,hold,接近尾盘不再开T仓,hold,no_order,,,,10000.00,10000.00,,,0.00,
2026-08-03 14:58:30,513310,4.4040,hold,接近尾盘不再开T仓,hold,no_order,,,,10000.00,10000.00,,,0.00,
2026-08-03 14:59:00,513310,4.4040,hold,接近尾盘不再开T仓,hold,no_order,,,,10000.00,10000.00,,,0.00,
2026-08-03 14:59:30,513310,4.4040,hold,接近尾盘不再开T仓,hold,no_order,,,,10000.00,10000.00,,,0.00,
2026-08-03 15:00:00,513310,4.4070,hold,接近尾盘不再开T仓,hold,no_order,,,,10000.00,10000.00,,,0.00,
2026-08-03 15:00:30,513310,4.4100,hold,接近尾盘不再开T仓,hold,no_order,,,,10000.00,10000.00,,,0.00,
2026-08-04 10:31:00,513310,4.5070,hold,分钟K不足,hold,no_order,,,,10000.00,10000.00,,,0.00,
2026-08-04 10:31:30,513310,4.5220,hold,分钟K不足,hold,no_order,,,,10000.00,10000.00,,,0.00,
2026-08-04 10:32:00,513310,4.5270,hold,分钟K不足,hold,no_order,,,,10000.00,10000.00,,,0.00,
2026-08-04 10:32:30,513310,4.5340,hold,分钟K不足,hold,no_order,,,,10000.00,10000.00,,,0.00,
2026-08-04 10:33:00,513310,4.5355,hold,分钟K不足,hold,no_order,,,,10000.00,10000.00,,,0.00,
2026-08-04 10:33:30,513310,4.5350,hold,分钟K不足,hold,no_order,,,,10000.00,10000.00,,,0.00,
2026-08-04 10:34:00,513310,4.5340,hold,分钟K不足,hold,no_order,,,,10000.00,10000.00,,,0.00,
2026-08-04 10:34:30,513310,4.5320,hold,分钟K不足,hold,no_order,,,,10000.00,10000.00,,,0.00,
2026-08-04 10:35:00,513310,4.5345,hold,分钟K不足,hold,no_order,,,,10000.00,10000.00,,,0.00,
2026-08-04 10:35:30,513310,4.5360,hold,分钟K不足,hold,no_order,,,,10000.00,10000.00,,,0.00,
2026-08-04 10:36:00,513310,4.5405,hold,分钟K不足,hold,no_order,,,,10000.00,10000.00,,,0.00,
2026-08-04 10:36:30,513310,4.5480,hold,分钟K不足,hold,no_order,,,,10000.00,10000.00,,,0.00,
2026-08-04 10:37:00,513310,4.5520,hold,分钟K不足,hold,no_order,,,,10000.00,10000.00,,,0.00,
2026-08-04 10:37:30,513310,4.5530,hold,分钟K不足,hold,no_order,,,,10000.00,10000.00,,,0.00,
2026-08-04 10:38:00,513310,4.5570,hold,分钟K不足,hold,no_order,,,,10000.00,10000.00,,,0.00,
2026-08-04 10:38:30,513310,4.5620,hold,分钟K不足,hold,no_order,,,,10000.00,10000.00,,,0.00,
2026-08-04 10:39:00,513310,4.5605,hold,分钟K不足,hold,no_order,,,,10000.00,10000.00,,,0.00,
2026-08-04 10:39:30,513310,4.5600,hold,分钟K不足,hold,no_order,,,,10000.00,10000.00,,,0.00,
2026-08-04 10:40:00,513310,4.5605,hold,分钟K不足,hold,no_order,,,,10000.00,10000.00,,,0.00,
2026-08-04 10:40:30,513310,4.5590,hold,分钟K不足,hold,no_order,,,,10000.00,10000.00,,,0.00,
2026-08-04 10:41:00,513310,4.5655,hold,分钟K不足,hold,no_order,,,,10000.00,10000.00,,,0.00,
2026-08-04 10:41:30,513310,4.5710,hold,分钟K不足,hold,no_order,,,,10000.00,10000.00,,,0.00,
2026-08-04 10:42:00,513310,4.5630,hold,分钟K不足,hold,no_order,,,,10000.00,10000.00,,,0.00,
2026-08-04 10:42:30,513310,4.5560,hold,分钟K不足,hold,no_order,,,,10000.00,10000.00,,,0.00,
2026-08-04 10:43:00,513310,4.5565,hold,分钟K不足,hold,no_order,,,,10000.00,10000.00,,,0.00,
2026-08-04 10:43:30,513310,4.5570,hold,分钟K不足,hold,no_order,,,,10000.00,10000.00,,,0.00,
2026-08-04 10:44:00,513310,4.5565,hold,分钟K不足,hold,no_order,,,,10000.00,10000.00,,,0.00,
2026-08-04 10:44:30,513310,4.5570,hold,分钟K不足,hold,no_order,,,,10000.00,10000.00,,,0.00,
2026-08-04 10:45:00,513310,4.5585,hold,分钟K不足,hold,no_order,,,,10000.00,10000.00,,,0.00,
2026-08-04 10:45:30,513310,4.5600,hold,反抽确认K不足,hold,no_order,,,,10000.00,10000.00,,,0.00,
2026-08-04 10:46:00,513310,4.5590,hold,反抽确认K不足,hold,no_order,,,,10000.00,10000.00,,,0.00,
2026-08-04 10:46:30,513310,4.5590,hold,反抽确认K不足,hold,no_order,,,,10000.00,10000.00,,,0.00,
2026-08-04 10:47:00,513310,4.5575,hold,反抽确认K不足,hold,no_order,,,,10000.00,10000.00,,,0.00,
2026-08-04 10:47:30,513310,4.5580,hold,反抽确认K不足,hold,no_order,,,,10000.00,10000.00,,,0.00,
2026-08-04 10:48:00,513310,4.5590,hold,反抽确认K不足,hold,no_order,,,,10000.00,10000.00,,,0.00,
2026-08-04 10:48:30,513310,4.5600,hold,反抽确认K不足,hold,no_order,,,,10000.00,10000.00,,,0.00,
2026-08-04 10:49:00,513310,4.5580,hold,反抽确认K不足,hold,no_order,,,,10000.00,10000.00,,,0.00,
2026-08-04 10:49:30,513310,4.5570,hold,反抽确认K不足,hold,no_order,,,,10000.00,10000.00,,,0.00,
2026-08-04 10:50:00,513310,4.5560,hold,反抽确认K不足,hold,no_order,,,,10000.00,10000.00,,,0.00,
2026-08-04 10:50:30,513310,4.5550,hold,反抽确认K不足,hold,no_order,,,,10000.00,10000.00,,,0.00,
2026-08-04 10:51:00,513310,4.5490,hold,反抽确认K不足,hold,no_order,,,,10000.00,10000.00,,,0.00,
2026-08-04 10:51:30,513310,4.5440,hold,反抽确认K不足,hold,no_order,,,,10000.00,10000.00,,,0.00,
2026-08-04 10:52:00,513310,4.5405,hold,反抽确认K不足,hold,no_order,,,,10000.00,10000.00,,,0.00,
2026-08-04 10:52:30,513310,4.5380,hold,反抽确认K不足,hold,no_order,,,,10000.00,10000.00,,,0.00,
2026-08-04 10:53:00,513310,4.5390,hold,反抽确认K不足,hold,no_order,,,,10000.00,10000.00,,,0.00,
2026-08-04 10:53:30,513310,4.5410,hold,反抽确认K不足,hold,no_order,,,,10000.00,10000.00,,,0.00,
2026-08-04 10:54:00,513310,4.5430,hold,反抽确认K不足,hold,no_order,,,,10000.00,10000.00,,,0.00,
2026-08-04 10:54:30,513310,4.5450,hold,未出现超跌反抽确认,hold,no_order,,,,10000.00,10000.00,,,0.00,
2026-08-04 10:55:00,513310,4.5415,hold,未出现超跌反抽确认,hold,no_order,,,,10000.00,10000.00,,,0.00,
2026-08-04 10:55:30,513310,4.5390,hold,未出现超跌反抽确认,hold,no_order,,,,10000.00,10000.00,,,0.00,
2026-08-04 10:56:00,513310,4.5405,hold,未出现超跌反抽确认,hold,no_order,,,,10000.00,10000.00,,,0.00,
2026-08-04 10:56:30,513310,4.5420,hold,未出现超跌反抽确认,hold,no_order,,,,10000.00,10000.00,,,0.00,
2026-08-04 10:57:00,513310,4.5435,hold,未出现超跌反抽确认,hold,no_order,,,,10000.00,10000.00,,,0.00,
2026-08-04 10:57:30,513310,4.5440,hold,未出现超跌反抽确认,hold,no_order,,,,10000.00,10000.00,,,0.00,
2026-08-04 10:58:00,513310,4.5460,hold,未出现超跌反抽确认,hold,no_order,,,,10000.00,10000.00,,,0.00,
2026-08-04 10:58:30,513310,4.5490,hold,未出现超跌反抽确认,hold,no_order,,,,10000.00,10000.00,,,0.00,
2026-08-04 10:59:00,513310,4.5465,hold,未出现超跌反抽确认,hold,no_order,,,,10000.00,10000.00,,,0.00,
2026-08-04 10:59:30,513310,4.5430,hold,未出现超跌反抽确认,hold,no_order,,,,10000.00,10000.00,,,0.00,
2026-08-04 11:00:00,513310,4.5415,hold,未出现超跌反抽确认,hold,no_order,,,,10000.00,10000.00,,,0.00,
2026-08-04 11:00:30,513310,4.5400,hold,未出现超跌反抽确认,hold,no_order,,,,10000.00,10000.00,,,0.00,
2026-08-04 11:01:00,513310,4.5400,hold,未出现超跌反抽确认,hold,no_order,,,,10000.00,10000.00,,,0.00,
2026-08-04 11:01:30,513310,4.5410,hold,未出现超跌反抽确认,hold,no_order,,,,10000.00,10000.00,,,0.00,
2026-08-04 11:02:00,513310,4.5400,hold,未出现超跌反抽确认,hold,no_order,,,,10000.00,10000.00,,,0.00,
2026-08-04 11:02:30,513310,4.5390,hold,未出现超跌反抽确认,hold,no_order,,,,10000.00,10000.00,,,0.00,
2026-08-04 11:03:00,513310,4.5365,hold,未出现超跌反抽确认,hold,no_order,,,,10000.00,10000.00,,,0.00,
2026-08-04 11:03:30,513310,4.5340,hold,未出现超跌反抽确认,hold,no_order,,,,10000.00,10000.00,,,0.00,
2026-08-04 11:04:00,513310,4.5350,hold,未出现超跌反抽确认,hold,no_order,,,,10000.00,10000.00,,,0.00,
2026-08-04 11:04:30,513310,4.5360,hold,未出现超跌反抽确认,hold,no_order,,,,10000.00,10000.00,,,0.00,
2026-08-04 11:05:00,513310,4.5340,hold,未出现超跌反抽确认,hold,no_order,,,,10000.00,10000.00,,,0.00,
2026-08-04 11:05:30,513310,4.5320,hold,未出现超跌反抽确认,hold,no_order,,,,10000.00,10000.00,,,0.00,
2026-08-04 11:06:00,513310,4.5315,hold,未出现超跌反抽确认,hold,no_order,,,,10000.00,10000.00,,,0.00,
2026-08-04 11:06:30,513310,4.5310,hold,未出现超跌反抽确认,hold,no_order,,,,10000.00,10000.00,,,0.00,
2026-08-04 11:07:00,513310,4.5320,hold,未出现超跌反抽确认,hold,no_order,,,,10000.00,10000.00,,,0.00,
2026-08-04 11:07:30,513310,4.5340,hold,未出现超跌反抽确认,hold,no_order,,,,10000.00,10000.00,,,0.00,
2026-08-04 11:08:00,513310,4.5390,hold,未出现超跌反抽确认,hold,no_order,,,,10000.00,10000.00,,,0.00,
2026-08-04 11:08:30,513310,4.5430,hold,未出现超跌反抽确认,hold,no_order,,,,10000.00,10000.00,,,0.00,
2026-08-04 11:09:00,513310,4.5440,hold,未出现超跌反抽确认,hold,no_order,,,,10000.00,10000.00,,,0.00,
2026-08-04 11:09:30,513310,4.5450,hold,未出现超跌反抽确认,hold,no_order,,,,10000.00,10000.00,,,0.00,
2026-08-04 11:10:00,513310,4.5450,hold,未出现超跌反抽确认,hold,no_order,,,,10000.00,10000.00,,,0.00,
2026-08-04 11:10:30,513310,4.5450,hold,未出现超跌反抽确认,hold,no_order,,,,10000.00,10000.00,,,0.00,
2026-08-04 11:11:00,513310,4.5460,hold,未出现超跌反抽确认,hold,no_order,,,,10000.00,10000.00,,,0.00,
2026-08-04 11:11:30,513310,4.5470,hold,未出现超跌反抽确认,hold,no_order,,,,10000.00,10000.00,,,0.00,
2026-08-04 11:12:00,513310,4.5450,hold,未出现超跌反抽确认,hold,no_order,,,,10000.00,10000.00,,,0.00,
2026-08-04 11:12:30,513310,4.5420,hold,未出现超跌反抽确认,hold,no_order,,,,10000.00,10000.00,,,0.00,
2026-08-04 11:13:00,513310,4.5380,hold,未出现超跌反抽确认,hold,no_order,,,,10000.00,10000.00,,,0.00,
2026-08-04 11:13:30,513310,4.5350,hold,未出现超跌反抽确认,hold,no_order,,,,10000.00,10000.00,,,0.00,
2026-08-04 11:14:00,513310,4.5365,hold,未出现超跌反抽确认,hold,no_order,,,,10000.00,10000.00,,,0.00,
2026-08-04 11:14:30,513310,4.5380,hold,未出现超跌反抽确认,hold,no_order,,,,10000.00,10000.00,,,0.00,
2026-08-04 11:15:00,513310,4.5410,hold,未出现超跌反抽确认,hold,no_order,,,,10000.00,10000.00,,,0.00,
2026-08-04 11:15:30,513310,4.5430,hold,未出现超跌反抽确认,hold,no_order,,,,10000.00,10000.00,,,0.00,
2026-08-04 11:16:00,513310,4.5415,hold,未出现超跌反抽确认,hold,no_order,,,,10000.00,10000.00,,,0.00,
2026-08-04 11:16:30,513310,4.5400,hold,未出现超跌反抽确认,hold,no_order,,,,10000.00,10000.00,,,0.00,
2026-08-04 11:17:00,513310,4.5390,hold,未出现超跌反抽确认,hold,no_order,,,,10000.00,10000.00,,,0.00,
2026-08-04 11:17:30,513310,4.5380,hold,未出现超跌反抽确认,hold,no_order,,,,10000.00,10000.00,,,0.00,
2026-08-04 11:18:00,513310,4.5380,hold,未出现超跌反抽确认,hold,no_order,,,,10000.00,10000.00,,,0.00,
2026-08-04 11:18:30,513310,4.5380,hold,未出现超跌反抽确认,hold,no_order,,,,10000.00,10000.00,,,0.00,
2026-08-04 11:19:00,513310,4.5380,hold,未出现超跌反抽确认,hold,no_order,,,,10000.00,10000.00,,,0.00,
2026-08-04 11:19:30,513310,4.5380,hold,未出现超跌反抽确认,hold,no_order,,,,10000.00,10000.00,,,0.00,
2026-08-04 11:20:00,513310,4.5390,hold,未出现超跌反抽确认,hold,no_order,,,,10000.00,10000.00,,,0.00,
2026-08-04 11:20:30,513310,4.5400,hold,未出现超跌反抽确认,hold,no_order,,,,10000.00,10000.00,,,0.00,
2026-08-04 11:21:00,513310,4.5415,hold,未出现超跌反抽确认,hold,no_order,,,,10000.00,10000.00,,,0.00,
2026-08-04 11:21:30,513310,4.5410,hold,未出现超跌反抽确认,hold,no_order,,,,10000.00,10000.00,,,0.00,
2026-08-04 11:22:00,513310,4.5440,hold,未出现超跌反抽确认,hold,no_order,,,,10000.00,10000.00,,,0.00,
2026-08-04 11:22:30,513310,4.5460,hold,未出现超跌反抽确认,hold,no_order,,,,10000.00,10000.00,,,0.00,
2026-08-04 11:23:00,513310,4.5460,hold,未出现超跌反抽确认,hold,no_order,,,,10000.00,10000.00,,,0.00,
2026-08-04 11:23:30,513310,4.5450,hold,未出现超跌反抽确认,hold,no_order,,,,10000.00,10000.00,,,0.00,
2026-08-04 11:24:00,513310,4.5440,hold,未出现超跌反抽确认,hold,no_order,,,,10000.00,10000.00,,,0.00,
2026-08-04 11:24:30,513310,4.5440,hold,未出现超跌反抽确认,hold,no_order,,,,10000.00,10000.00,,,0.00,
2026-08-04 11:25:00,513310,4.5455,hold,未出现超跌反抽确认,hold,no_order,,,,10000.00,10000.00,,,0.00,
2026-08-04 11:25:30,513310,4.5460,hold,未出现超跌反抽确认,hold,no_order,,,,10000.00,10000.00,,,0.00,
2026-08-04 11:26:00,513310,4.5510,hold,未出现超跌反抽确认,hold,no_order,,,,10000.00,10000.00,,,0.00,
2026-08-04 11:26:30,513310,4.5560,hold,未出现超跌反抽确认,hold,no_order,,,,10000.00,10000.00,,,0.00,
2026-08-04 11:27:00,513310,4.5550,hold,未出现超跌反抽确认,hold,no_order,,,,10000.00,10000.00,,,0.00,
2026-08-04 11:27:30,513310,4.5540,hold,未出现超跌反抽确认,hold,no_order,,,,10000.00,10000.00,,,0.00,
2026-08-04 11:28:00,513310,4.5535,hold,未出现超跌反抽确认,hold,no_order,,,,10000.00,10000.00,,,0.00,
2026-08-04 11:28:30,513310,4.5530,hold,未出现超跌反抽确认,hold,no_order,,,,10000.00,10000.00,,,0.00,
2026-08-04 11:29:00,513310,4.5545,hold,未出现超跌反抽确认,hold,no_order,,,,10000.00,10000.00,,,0.00,
2026-08-04 11:29:30,513310,4.5570,hold,未出现超跌反抽确认,hold,no_order,,,,10000.00,10000.00,,,0.00,
2026-08-04 11:30:00,513310,4.5590,hold,未出现超跌反抽确认,hold,no_order,,,,10000.00,10000.00,,,0.00,
2026-08-04 11:30:30,513310,4.5610,hold,未出现超跌反抽确认,hold,no_order,,,,10000.00,10000.00,,,0.00,
2026-08-04 13:01:00,513310,4.5665,hold,未出现超跌反抽确认,hold,no_order,,,,10000.00,10000.00,,,0.00,
2026-08-04 13:01:30,513310,4.5720,hold,未出现超跌反抽确认,hold,no_order,,,,10000.00,10000.00,,,0.00,
2026-08-04 13:02:00,513310,4.5680,hold,未出现超跌反抽确认,hold,no_order,,,,10000.00,10000.00,,,0.00,
2026-08-04 13:02:30,513310,4.5610,hold,未出现超跌反抽确认,hold,no_order,,,,10000.00,10000.00,,,0.00,
2026-08-04 13:03:00,513310,4.5635,hold,未出现超跌反抽确认,hold,no_order,,,,10000.00,10000.00,,,0.00,
2026-08-04 13:03:30,513310,4.5640,hold,未出现超跌反抽确认,hold,no_order,,,,10000.00,10000.00,,,0.00,
2026-08-04 13:04:00,513310,4.5755,hold,未出现超跌反抽确认,hold,no_order,,,,10000.00,10000.00,,,0.00,
2026-08-04 13:04:30,513310,4.5870,hold,未出现超跌反抽确认,hold,no_order,,,,10000.00,10000.00,,,0.00,
2026-08-04 13:05:00,513310,4.5820,hold,未出现超跌反抽确认,hold,no_order,,,,10000.00,10000.00,,,0.00,
2026-08-04 13:05:30,513310,4.5760,hold,未出现超跌反抽确认,hold,no_order,,,,10000.00,10000.00,,,0.00,
2026-08-04 13:06:00,513310,4.5735,hold,未出现超跌反抽确认,hold,no_order,,,,10000.00,10000.00,,,0.00,
2026-08-04 13:06:30,513310,4.5720,hold,未出现超跌反抽确认,hold,no_order,,,,10000.00,10000.00,,,0.00,
2026-08-04 13:07:00,513310,4.5700,hold,未出现超跌反抽确认,hold,no_order,,,,10000.00,10000.00,,,0.00,
2026-08-04 13:07:30,513310,4.5680,hold,未出现超跌反抽确认,hold,no_order,,,,10000.00,10000.00,,,0.00,
2026-08-04 13:08:00,513310,4.5700,hold,未出现超跌反抽确认,hold,no_order,,,,10000.00,10000.00,,,0.00,
2026-08-04 13:08:30,513310,4.5720,hold,未出现超跌反抽确认,hold,no_order,,,,10000.00,10000.00,,,0.00,
2026-08-04 13:09:00,513310,4.5735,hold,未出现超跌反抽确认,hold,no_order,,,,10000.00,10000.00,,,0.00,
2026-08-04 13:09:30,513310,4.5750,hold,未出现超跌反抽确认,hold,no_order,,,,10000.00,10000.00,,,0.00,
2026-08-04 13:10:00,513310,4.5735,hold,未出现超跌反抽确认,hold,no_order,,,,10000.00,10000.00,,,0.00,
2026-08-04 13:10:30,513310,4.5730,hold,未出现超跌反抽确认,hold,no_order,,,,10000.00,10000.00,,,0.00,
2026-08-04 13:11:00,513310,4.5650,hold,未出现超跌反抽确认,hold,no_order,,,,10000.00,10000.00,,,0.00,
2026-08-04 13:11:30,513310,4.5580,hold,未出现超跌反抽确认,hold,no_order,,,,10000.00,10000.00,,,0.00,
2026-08-04 13:12:00,513310,4.5610,hold,未出现超跌反抽确认,hold,no_order,,,,10000.00,10000.00,,,0.00,
2026-08-04 13:12:30,513310,4.5620,hold,未出现超跌反抽确认,hold,no_order,,,,10000.00,10000.00,,,0.00,
2026-08-04 13:13:00,513310,4.5575,hold,未出现超跌反抽确认,hold,no_order,,,,10000.00,10000.00,,,0.00,
2026-08-04 13:13:30,513310,4.5530,hold,未出现超跌反抽确认,hold,no_order,,,,10000.00,10000.00,,,0.00,
2026-08-04 13:14:00,513310,4.5540,hold,未出现超跌反抽确认,hold,no_order,,,,10000.00,10000.00,,,0.00,
2026-08-04 13:14:30,513310,4.5550,hold,未出现超跌反抽确认,hold,no_order,,,,10000.00,10000.00,,,0.00,
2026-08-04 13:15:00,513310,4.5590,hold,未出现超跌反抽确认,hold,no_order,,,,10000.00,10000.00,,,0.00,
2026-08-04 13:15:30,513310,4.5630,hold,未出现超跌反抽确认,hold,no_order,,,,10000.00,10000.00,,,0.00,
2026-08-04 13:16:00,513310,4.5650,hold,未出现超跌反抽确认,hold,no_order,,,,10000.00,10000.00,,,0.00,
2026-08-04 13:16:30,513310,4.5660,hold,未出现超跌反抽确认,hold,no_order,,,,10000.00,10000.00,,,0.00,
2026-08-04 13:17:00,513310,4.5645,hold,未出现超跌反抽确认,hold,no_order,,,,10000.00,10000.00,,,0.00,
2026-08-04 13:17:30,513310,4.5630,hold,未出现超跌反抽确认,hold,no_order,,,,10000.00,10000.00,,,0.00,
2026-08-04 13:18:00,513310,4.5620,hold,未出现超跌反抽确认,hold,no_order,,,,10000.00,10000.00,,,0.00,
2026-08-04 13:18:30,513310,4.5610,hold,未出现超跌反抽确认,hold,no_order,,,,10000.00,10000.00,,,0.00,
2026-08-04 13:19:00,513310,4.5610,hold,未出现超跌反抽确认,hold,no_order,,,,10000.00,10000.00,,,0.00,
2026-08-04 13:19:30,513310,4.5610,hold,未出现超跌反抽确认,hold,no_order,,,,10000.00,10000.00,,,0.00,
2026-08-04 13:20:00,513310,4.5590,hold,未出现超跌反抽确认,hold,no_order,,,,10000.00,10000.00,,,0.00,
2026-08-04 13:20:30,513310,4.5560,hold,未出现超跌反抽确认,hold,no_order,,,,10000.00,10000.00,,,0.00,
2026-08-04 13:21:00,513310,4.5590,hold,未出现超跌反抽确认,hold,no_order,,,,10000.00,10000.00,,,0.00,
2026-08-04 13:21:30,513310,4.5620,hold,未出现超跌反抽确认,hold,no_order,,,,10000.00,10000.00,,,0.00,
2026-08-04 13:22:00,513310,4.5630,hold,未出现超跌反抽确认,hold,no_order,,,,10000.00,10000.00,,,0.00,
2026-08-04 13:22:30,513310,4.5630,hold,未出现超跌反抽确认,hold,no_order,,,,10000.00,10000.00,,,0.00,
2026-08-04 13:23:00,513310,4.5640,hold,未出现超跌反抽确认,hold,no_order,,,,10000.00,10000.00,,,0.00,
2026-08-04 13:23:30,513310,4.5650,hold,未出现超跌反抽确认,hold,no_order,,,,10000.00,10000.00,,,0.00,
2026-08-04 13:24:00,513310,4.5655,hold,未出现超跌反抽确认,hold,no_order,,,,10000.00,10000.00,,,0.00,
2026-08-04 13:24:30,513310,4.5670,hold,未出现超跌反抽确认,hold,no_order,,,,10000.00,10000.00,,,0.00,
2026-08-04 13:25:00,513310,4.5670,hold,未出现超跌反抽确认,hold,no_order,,,,10000.00,10000.00,,,0.00,
2026-08-04 13:25:30,513310,4.5660,hold,未出现超跌反抽确认,hold,no_order,,,,10000.00,10000.00,,,0.00,
2026-08-04 13:26:00,513310,4.5705,hold,未出现超跌反抽确认,hold,no_order,,,,10000.00,10000.00,,,0.00,
2026-08-04 13:26:30,513310,4.5750,hold,未出现超跌反抽确认,hold,no_order,,,,10000.00,10000.00,,,0.00,
2026-08-04 13:27:00,513310,4.5770,hold,未出现超跌反抽确认,hold,no_order,,,,10000.00,10000.00,,,0.00,
2026-08-04 13:27:30,513310,4.5770,hold,未出现超跌反抽确认,hold,no_order,,,,10000.00,10000.00,,,0.00,
2026-08-04 13:28:00,513310,4.5775,hold,未出现超跌反抽确认,hold,no_order,,,,10000.00,10000.00,,,0.00,
2026-08-04 13:28:30,513310,4.5780,hold,未出现超跌反抽确认,hold,no_order,,,,10000.00,10000.00,,,0.00,
2026-08-04 13:29:00,513310,4.5770,hold,未出现超跌反抽确认,hold,no_order,,,,10000.00,10000.00,,,0.00,
2026-08-04 13:29:30,513310,4.5770,hold,未出现超跌反抽确认,hold,no_order,,,,10000.00,10000.00,,,0.00,
2026-08-04 13:30:00,513310,4.5825,hold,未出现超跌反抽确认,hold,no_order,,,,10000.00,10000.00,,,0.00,
2026-08-04 13:30:30,513310,4.5880,hold,未出现超跌反抽确认,hold,no_order,,,,10000.00,10000.00,,,0.00,
2026-08-04 13:31:00,513310,4.5925,hold,未出现超跌反抽确认,hold,no_order,,,,10000.00,10000.00,,,0.00,
2026-08-04 13:31:30,513310,4.5950,hold,未出现超跌反抽确认,hold,no_order,,,,10000.00,10000.00,,,0.00,
2026-08-04 13:32:00,513310,4.6105,hold,未出现超跌反抽确认,hold,no_order,,,,10000.00,10000.00,,,0.00,
2026-08-04 13:32:30,513310,4.6250,hold,未出现超跌反抽确认,hold,no_order,,,,10000.00,10000.00,,,0.00,
2026-08-04 13:33:00,513310,4.6215,hold,未出现超跌反抽确认,hold,no_order,,,,10000.00,10000.00,,,0.00,
2026-08-04 13:33:30,513310,4.6160,hold,未出现超跌反抽确认,hold,no_order,,,,10000.00,10000.00,,,0.00,
2026-08-04 13:34:00,513310,4.6155,hold,未出现超跌反抽确认,hold,no_order,,,,10000.00,10000.00,,,0.00,
2026-08-04 13:34:30,513310,4.6120,hold,未出现超跌反抽确认,hold,no_order,,,,10000.00,10000.00,,,0.00,
2026-08-04 13:35:00,513310,4.6125,hold,未出现超跌反抽确认,hold,no_order,,,,10000.00,10000.00,,,0.00,
2026-08-04 13:35:30,513310,4.6150,hold,未出现超跌反抽确认,hold,no_order,,,,10000.00,10000.00,,,0.00,
2026-08-04 13:36:00,513310,4.6185,hold,未出现超跌反抽确认,hold,no_order,,,,10000.00,10000.00,,,0.00,
2026-08-04 13:36:30,513310,4.6200,hold,未出现超跌反抽确认,hold,no_order,,,,10000.00,10000.00,,,0.00,
2026-08-04 13:37:00,513310,4.6240,hold,未出现超跌反抽确认,hold,no_order,,,,10000.00,10000.00,,,0.00,
2026-08-04 13:37:30,513310,4.6290,hold,未出现超跌反抽确认,hold,no_order,,,,10000.00,10000.00,,,0.00,
2026-08-04 13:38:00,513310,4.6370,hold,未出现超跌反抽确认,hold,no_order,,,,10000.00,10000.00,,,0.00,
2026-08-04 13:38:30,513310,4.6440,hold,未出现超跌反抽确认,hold,no_order,,,,10000.00,10000.00,,,0.00,
2026-08-04 13:39:00,513310,4.6490,hold,未出现超跌反抽确认,hold,no_order,,,,10000.00,10000.00,,,0.00,
2026-08-04 13:39:30,513310,4.6540,hold,未出现超跌反抽确认,hold,no_order,,,,10000.00,10000.00,,,0.00,
2026-08-04 13:40:00,513310,4.6450,hold,未出现超跌反抽确认,hold,no_order,,,,10000.00,10000.00,,,0.00,
2026-08-04 13:40:30,513310,4.6400,hold,未出现超跌反抽确认,hold,no_order,,,,10000.00,10000.00,,,0.00,
2026-08-04 13:41:00,513310,4.6440,hold,未出现超跌反抽确认,hold,no_order,,,,10000.00,10000.00,,,0.00,
2026-08-04 13:41:30,513310,4.6450,hold,未出现超跌反抽确认,hold,no_order,,,,10000.00,10000.00,,,0.00,
2026-08-04 13:42:00,513310,4.6470,hold,未出现超跌反抽确认,hold,no_order,,,,10000.00,10000.00,,,0.00,
2026-08-04 13:42:30,513310,4.6480,hold,未出现超跌反抽确认,hold,no_order,,,,10000.00,10000.00,,,0.00,
2026-08-04 13:43:00,513310,4.6370,hold,未出现超跌反抽确认,hold,no_order,,,,10000.00,10000.00,,,0.00,
2026-08-04 13:43:30,513310,4.6240,hold,未出现超跌反抽确认,hold,no_order,,,,10000.00,10000.00,,,0.00,
2026-08-04 13:44:00,513310,4.6280,hold,未出现超跌反抽确认,hold,no_order,,,,10000.00,10000.00,,,0.00,
2026-08-04 13:44:30,513310,4.6300,hold,未出现超跌反抽确认,hold,no_order,,,,10000.00,10000.00,,,0.00,
2026-08-04 13:45:00,513310,4.6330,hold,未出现超跌反抽确认,hold,no_order,,,,10000.00,10000.00,,,0.00,
2026-08-04 13:45:30,513310,4.6360,hold,未出现超跌反抽确认,hold,no_order,,,,10000.00,10000.00,,,0.00,
2026-08-04 13:46:00,513310,4.6345,hold,未出现超跌反抽确认,hold,no_order,,,,10000.00,10000.00,,,0.00,
2026-08-04 13:46:30,513310,4.6340,hold,未出现超跌反抽确认,hold,no_order,,,,10000.00,10000.00,,,0.00,
2026-08-04 13:47:00,513310,4.6330,hold,未出现超跌反抽确认,hold,no_order,,,,10000.00,10000.00,,,0.00,
2026-08-04 13:47:30,513310,4.6310,hold,未出现超跌反抽确认,hold,no_order,,,,10000.00,10000.00,,,0.00,
2026-08-04 13:48:00,513310,4.6335,hold,未出现超跌反抽确认,hold,no_order,,,,10000.00,10000.00,,,0.00,
2026-08-04 13:48:30,513310,4.6350,hold,未出现超跌反抽确认,hold,no_order,,,,10000.00,10000.00,,,0.00,
2026-08-04 13:49:00,513310,4.6350,hold,未出现超跌反抽确认,hold,no_order,,,,10000.00,10000.00,,,0.00,
2026-08-04 13:49:30,513310,4.6360,hold,未出现超跌反抽确认,hold,no_order,,,,10000.00,10000.00,,,0.00,
2026-08-04 13:50:00,513310,4.6335,hold,未出现超跌反抽确认,hold,no_order,,,,10000.00,10000.00,,,0.00,
2026-08-04 13:50:30,513310,4.6310,hold,未出现超跌反抽确认,hold,no_order,,,,10000.00,10000.00,,,0.00,
2026-08-04 13:51:00,513310,4.6280,hold,未出现超跌反抽确认,hold,no_order,,,,10000.00,10000.00,,,0.00,
2026-08-04 13:51:30,513310,4.6250,hold,未出现超跌反抽确认,hold,no_order,,,,10000.00,10000.00,,,0.00,
2026-08-04 13:52:00,513310,4.6250,hold,未出现超跌反抽确认,hold,no_order,,,,10000.00,10000.00,,,0.00,
2026-08-04 13:52:30,513310,4.6230,hold,未出现超跌反抽确认,hold,no_order,,,,10000.00,10000.00,,,0.00,
2026-08-04 13:53:00,513310,4.6305,hold,未出现超跌反抽确认,hold,no_order,,,,10000.00,10000.00,,,0.00,
2026-08-04 13:53:30,513310,4.6370,hold,未出现超跌反抽确认,hold,no_order,,,,10000.00,10000.00,,,0.00,
2026-08-04 13:54:00,513310,4.6375,hold,未出现超跌反抽确认,hold,no_order,,,,10000.00,10000.00,,,0.00,
2026-08-04 13:54:30,513310,4.6370,hold,未出现超跌反抽确认,hold,no_order,,,,10000.00,10000.00,,,0.00,
2026-08-04 13:55:00,513310,4.6340,hold,未出现超跌反抽确认,hold,no_order,,,,10000.00,10000.00,,,0.00,
2026-08-04 13:55:30,513310,4.6300,hold,未出现超跌反抽确认,hold,no_order,,,,10000.00,10000.00,,,0.00,
2026-08-04 13:56:00,513310,4.6300,hold,未出现超跌反抽确认,hold,no_order,,,,10000.00,10000.00,,,0.00,
2026-08-04 13:56:30,513310,4.6310,hold,未出现超跌反抽确认,hold,no_order,,,,10000.00,10000.00,,,0.00,
2026-08-04 13:57:00,513310,4.6320,hold,未出现超跌反抽确认,hold,no_order,,,,10000.00,10000.00,,,0.00,
2026-08-04 13:57:30,513310,4.6320,hold,未出现超跌反抽确认,hold,no_order,,,,10000.00,10000.00,,,0.00,
2026-08-04 13:58:00,513310,4.6315,hold,未出现超跌反抽确认,hold,no_order,,,,10000.00,10000.00,,,0.00,
2026-08-04 13:58:30,513310,4.6310,hold,未出现超跌反抽确认,hold,no_order,,,,10000.00,10000.00,,,0.00,
2026-08-04 13:59:00,513310,4.6340,hold,未出现超跌反抽确认,hold,no_order,,,,10000.00,10000.00,,,0.00,
2026-08-04 13:59:30,513310,4.6360,hold,未出现超跌反抽确认,hold,no_order,,,,10000.00,10000.00,,,0.00,
2026-08-04 14:00:00,513310,4.6390,hold,未出现超跌反抽确认,hold,no_order,,,,10000.00,10000.00,,,0.00,
2026-08-04 14:00:30,513310,4.6410,hold,未出现超跌反抽确认,hold,no_order,,,,10000.00,10000.00,,,0.00,
2026-08-04 14:01:00,513310,4.6400,hold,未出现超跌反抽确认,hold,no_order,,,,10000.00,10000.00,,,0.00,
2026-08-04 14:01:30,513310,4.6410,hold,未出现超跌反抽确认,hold,no_order,,,,10000.00,10000.00,,,0.00,
2026-08-04 14:02:00,513310,4.6385,hold,未出现超跌反抽确认,hold,no_order,,,,10000.00,10000.00,,,0.00,
2026-08-04 14:02:30,513310,4.6360,hold,未出现超跌反抽确认,hold,no_order,,,,10000.00,10000.00,,,0.00,
2026-08-04 14:03:00,513310,4.6360,hold,未出现超跌反抽确认,hold,no_order,,,,10000.00,10000.00,,,0.00,
2026-08-04 14:03:30,513310,4.6360,hold,未出现超跌反抽确认,hold,no_order,,,,10000.00,10000.00,,,0.00,
2026-08-04 14:04:00,513310,4.6345,hold,未出现超跌反抽确认,hold,no_order,,,,10000.00,10000.00,,,0.00,
2026-08-04 14:04:30,513310,4.6330,hold,未出现超跌反抽确认,hold,no_order,,,,10000.00,10000.00,,,0.00,
2026-08-04 14:05:00,513310,4.6340,hold,未出现超跌反抽确认,hold,no_order,,,,10000.00,10000.00,,,0.00,
2026-08-04 14:05:30,513310,4.6340,hold,未出现超跌反抽确认,hold,no_order,,,,10000.00,10000.00,,,0.00,
2026-08-04 14:06:00,513310,4.6335,hold,未出现超跌反抽确认,hold,no_order,,,,10000.00,10000.00,,,0.00,
2026-08-04 14:06:30,513310,4.6320,hold,未出现超跌反抽确认,hold,no_order,,,,10000.00,10000.00,,,0.00,
2026-08-04 14:07:00,513310,4.6310,hold,未出现超跌反抽确认,hold,no_order,,,,10000.00,10000.00,,,0.00,
2026-08-04 14:07:30,513310,4.6310,hold,未出现超跌反抽确认,hold,no_order,,,,10000.00,10000.00,,,0.00,
2026-08-04 14:08:00,513310,4.6335,hold,未出现超跌反抽确认,hold,no_order,,,,10000.00,10000.00,,,0.00,
2026-08-04 14:08:30,513310,4.6360,hold,未出现超跌反抽确认,hold,no_order,,,,10000.00,10000.00,,,0.00,
2026-08-04 14:09:00,513310,4.6370,hold,未出现超跌反抽确认,hold,no_order,,,,10000.00,10000.00,,,0.00,
2026-08-04 14:09:30,513310,4.6380,hold,未出现超跌反抽确认,hold,no_order,,,,10000.00,10000.00,,,0.00,
2026-08-04 14:10:00,513310,4.6380,hold,未出现超跌反抽确认,hold,no_order,,,,10000.00,10000.00,,,0.00,
2026-08-04 14:10:30,513310,4.6370,hold,未出现超跌反抽确认,hold,no_order,,,,10000.00,10000.00,,,0.00,
2026-08-04 14:11:00,513310,4.6375,hold,未出现超跌反抽确认,hold,no_order,,,,10000.00,10000.00,,,0.00,
2026-08-04 14:11:30,513310,4.6380,hold,未出现超跌反抽确认,hold,no_order,,,,10000.00,10000.00,,,0.00,
2026-08-04 14:12:00,513310,4.6380,hold,未出现超跌反抽确认,hold,no_order,,,,10000.00,10000.00,,,0.00,
2026-08-04 14:12:30,513310,4.6380,hold,未出现超跌反抽确认,hold,no_order,,,,10000.00,10000.00,,,0.00,
2026-08-04 14:13:00,513310,4.6365,hold,未出现超跌反抽确认,hold,no_order,,,,10000.00,10000.00,,,0.00,
2026-08-04 14:13:30,513310,4.6350,hold,未出现超跌反抽确认,hold,no_order,,,,10000.00,10000.00,,,0.00,
2026-08-04 14:14:00,513310,4.6350,hold,未出现超跌反抽确认,hold,no_order,,,,10000.00,10000.00,,,0.00,
2026-08-04 14:14:30,513310,4.6350,hold,未出现超跌反抽确认,hold,no_order,,,,10000.00,10000.00,,,0.00,
2026-08-04 14:15:00,513310,4.6325,hold,未出现超跌反抽确认,hold,no_order,,,,10000.00,10000.00,,,0.00,
2026-08-04 14:15:30,513310,4.6300,hold,未出现超跌反抽确认,hold,no_order,,,,10000.00,10000.00,,,0.00,
2026-08-04 14:16:00,513310,4.6255,hold,未出现超跌反抽确认,hold,no_order,,,,10000.00,10000.00,,,0.00,
2026-08-04 14:16:30,513310,4.6210,hold,未出现超跌反抽确认,hold,no_order,,,,10000.00,10000.00,,,0.00,
2026-08-04 14:17:00,513310,4.6245,hold,未出现超跌反抽确认,hold,no_order,,,,10000.00,10000.00,,,0.00,
2026-08-04 14:17:30,513310,4.6250,hold,未出现超跌反抽确认,hold,no_order,,,,10000.00,10000.00,,,0.00,
2026-08-04 14:18:00,513310,4.6220,hold,未出现超跌反抽确认,hold,no_order,,,,10000.00,10000.00,,,0.00,
2026-08-04 14:18:30,513310,4.6190,hold,未出现超跌反抽确认,hold,no_order,,,,10000.00,10000.00,,,0.00,
2026-08-04 14:19:00,513310,4.6140,hold,未出现超跌反抽确认,hold,no_order,,,,10000.00,10000.00,,,0.00,
2026-08-04 14:19:30,513310,4.6100,hold,未出现超跌反抽确认,hold,no_order,,,,10000.00,10000.00,,,0.00,
2026-08-04 14:20:00,513310,4.6130,hold,未出现超跌反抽确认,hold,no_order,,,,10000.00,10000.00,,,0.00,
2026-08-04 14:20:30,513310,4.6170,hold,未出现超跌反抽确认,hold,no_order,,,,10000.00,10000.00,,,0.00,
2026-08-04 14:21:00,513310,4.6185,hold,未出现超跌反抽确认,hold,no_order,,,,10000.00,10000.00,,,0.00,
2026-08-04 14:21:30,513310,4.6200,hold,未出现超跌反抽确认,hold,no_order,,,,10000.00,10000.00,,,0.00,
2026-08-04 14:22:00,513310,4.6165,hold,未出现超跌反抽确认,hold,no_order,,,,10000.00,10000.00,,,0.00,
2026-08-04 14:22:30,513310,4.6140,hold,未出现超跌反抽确认,hold,no_order,,,,10000.00,10000.00,,,0.00,
2026-08-04 14:23:00,513310,4.6140,hold,未出现超跌反抽确认,hold,no_order,,,,10000.00,10000.00,,,0.00,
2026-08-04 14:23:30,513310,4.6150,hold,未出现超跌反抽确认,hold,no_order,,,,10000.00,10000.00,,,0.00,
2026-08-04 14:24:00,513310,4.6170,hold,未出现超跌反抽确认,hold,no_order,,,,10000.00,10000.00,,,0.00,
2026-08-04 14:24:30,513310,4.6190,hold,未出现超跌反抽确认,hold,no_order,,,,10000.00,10000.00,,,0.00,
2026-08-04 14:25:00,513310,4.6215,hold,未出现超跌反抽确认,hold,no_order,,,,10000.00,10000.00,,,0.00,
2026-08-04 14:25:30,513310,4.6230,hold,未出现超跌反抽确认,hold,no_order,,,,10000.00,10000.00,,,0.00,
2026-08-04 14:26:00,513310,4.6240,hold,未出现超跌反抽确认,hold,no_order,,,,10000.00,10000.00,,,0.00,
2026-08-04 14:26:30,513310,4.6250,hold,未出现超跌反抽确认,hold,no_order,,,,10000.00,10000.00,,,0.00,
2026-08-04 14:27:00,513310,4.6245,hold,未出现超跌反抽确认,hold,no_order,,,,10000.00,10000.00,,,0.00,
2026-08-04 14:27:30,513310,4.6250,hold,未出现超跌反抽确认,hold,no_order,,,,10000.00,10000.00,,,0.00,
2026-08-04 14:28:00,513310,4.6255,hold,未出现超跌反抽确认,hold,no_order,,,,10000.00,10000.00,,,0.00,
2026-08-04 14:28:30,513310,4.6260,hold,未出现超跌反抽确认,hold,no_order,,,,10000.00,10000.00,,,0.00,
2026-08-04 14:29:00,513310,4.6250,hold,未出现超跌反抽确认,hold,no_order,,,,10000.00,10000.00,,,0.00,
2026-08-04 14:29:30,513310,4.6240,hold,未出现超跌反抽确认,hold,no_order,,,,10000.00,10000.00,,,0.00,
2026-08-04 14:30:00,513310,4.6210,hold,未出现超跌反抽确认,hold,no_order,,,,10000.00,10000.00,,,0.00,
2026-08-04 14:30:30,513310,4.6180,hold,未出现超跌反抽确认,hold,no_order,,,,10000.00,10000.00,,,0.00,
2026-08-04 14:31:00,513310,4.6190,hold,未出现超跌反抽确认,hold,no_order,,,,10000.00,10000.00,,,0.00,
2026-08-04 14:31:30,513310,4.6190,hold,未出现超跌反抽确认,hold,no_order,,,,10000.00,10000.00,,,0.00,
2026-08-04 14:32:00,513310,4.6145,hold,未出现超跌反抽确认,hold,no_order,,,,10000.00,10000.00,,,0.00,
2026-08-04 14:32:30,513310,4.6100,hold,未出现超跌反抽确认,hold,no_order,,,,10000.00,10000.00,,,0.00,
2026-08-04 14:33:00,513310,4.6095,hold,未出现超跌反抽确认,hold,no_order,,,,10000.00,10000.00,,,0.00,
2026-08-04 14:33:30,513310,4.6080,hold,未出现超跌反抽确认,hold,no_order,,,,10000.00,10000.00,,,0.00,
2026-08-04 14:34:00,513310,4.6030,hold,未出现超跌反抽确认,hold,no_order,,,,10000.00,10000.00,,,0.00,
2026-08-04 14:34:30,513310,4.5980,hold,未出现超跌反抽确认,hold,no_order,,,,10000.00,10000.00,,,0.00,
2026-08-04 14:35:00,513310,4.5930,hold,接近尾盘不再开T仓,hold,no_order,,,,10000.00,10000.00,,,0.00,
2026-08-04 14:35:30,513310,4.5870,hold,接近尾盘不再开T仓,hold,no_order,,,,10000.00,10000.00,,,0.00,
2026-08-04 14:36:00,513310,4.5905,hold,接近尾盘不再开T仓,hold,no_order,,,,10000.00,10000.00,,,0.00,
2026-08-04 14:36:30,513310,4.5930,hold,接近尾盘不再开T仓,hold,no_order,,,,10000.00,10000.00,,,0.00,
2026-08-04 14:37:00,513310,4.5950,hold,接近尾盘不再开T仓,hold,no_order,,,,10000.00,10000.00,,,0.00,
2026-08-04 14:37:30,513310,4.5960,hold,接近尾盘不再开T仓,hold,no_order,,,,10000.00,10000.00,,,0.00,
2026-08-04 14:38:00,513310,4.5945,hold,接近尾盘不再开T仓,hold,no_order,,,,10000.00,10000.00,,,0.00,
2026-08-04 14:38:30,513310,4.5930,hold,接近尾盘不再开T仓,hold,no_order,,,,10000.00,10000.00,,,0.00,
2026-08-04 14:39:00,513310,4.5950,hold,接近尾盘不再开T仓,hold,no_order,,,,10000.00,10000.00,,,0.00,
2026-08-04 14:39:30,513310,4.5960,hold,接近尾盘不再开T仓,hold,no_order,,,,10000.00,10000.00,,,0.00,
2026-08-04 14:40:00,513310,4.5900,hold,接近尾盘不再开T仓,hold,no_order,,,,10000.00,10000.00,,,0.00,
2026-08-04 14:40:30,513310,4.5830,hold,接近尾盘不再开T仓,hold,no_order,,,,10000.00,10000.00,,,0.00,
2026-08-04 14:41:00,513310,4.5755,hold,接近尾盘不再开T仓,hold,no_order,,,,10000.00,10000.00,,,0.00,
2026-08-04 14:41:30,513310,4.5680,hold,接近尾盘不再开T仓,hold,no_order,,,,10000.00,10000.00,,,0.00,
2026-08-04 14:42:00,513310,4.5710,hold,接近尾盘不再开T仓,hold,no_order,,,,10000.00,10000.00,,,0.00,
2026-08-04 14:42:30,513310,4.5720,hold,接近尾盘不再开T仓,hold,no_order,,,,10000.00,10000.00,,,0.00,
2026-08-04 14:43:00,513310,4.5670,hold,接近尾盘不再开T仓,hold,no_order,,,,10000.00,10000.00,,,0.00,
2026-08-04 14:43:30,513310,4.5610,hold,接近尾盘不再开T仓,hold,no_order,,,,10000.00,10000.00,,,0.00,
2026-08-04 14:44:00,513310,4.5610,hold,接近尾盘不再开T仓,hold,no_order,,,,10000.00,10000.00,,,0.00,
2026-08-04 14:44:30,513310,4.5590,hold,接近尾盘不再开T仓,hold,no_order,,,,10000.00,10000.00,,,0.00,
2026-08-04 14:45:00,513310,4.5555,hold,接近尾盘不再开T仓,hold,no_order,,,,10000.00,10000.00,,,0.00,
2026-08-04 14:45:30,513310,4.5520,hold,接近尾盘不再开T仓,hold,no_order,,,,10000.00,10000.00,,,0.00,
2026-08-04 14:46:00,513310,4.5610,hold,接近尾盘不再开T仓,hold,no_order,,,,10000.00,10000.00,,,0.00,
2026-08-04 14:46:30,513310,4.5670,hold,接近尾盘不再开T仓,hold,no_order,,,,10000.00,10000.00,,,0.00,
2026-08-04 14:47:00,513310,4.5670,hold,接近尾盘不再开T仓,hold,no_order,,,,10000.00,10000.00,,,0.00,
2026-08-04 14:47:30,513310,4.5670,hold,接近尾盘不再开T仓,hold,no_order,,,,10000.00,10000.00,,,0.00,
2026-08-04 14:48:00,513310,4.5660,hold,接近尾盘不再开T仓,hold,no_order,,,,10000.00,10000.00,,,0.00,
2026-08-04 14:48:30,513310,4.5660,hold,接近尾盘不再开T仓,hold,no_order,,,,10000.00,10000.00,,,0.00,
2026-08-04 14:49:00,513310,4.5640,hold,接近尾盘不再开T仓,hold,no_order,,,,10000.00,10000.00,,,0.00,
2026-08-04 14:49:30,513310,4.5630,hold,接近尾盘不再开T仓,hold,no_order,,,,10000.00,10000.00,,,0.00,
2026-08-04 14:50:00,513310,4.5685,hold,接近尾盘不再开T仓,hold,no_order,,,,10000.00,10000.00,,,0.00,
2026-08-04 14:50:30,513310,4.5740,hold,接近尾盘不再开T仓,hold,no_order,,,,10000.00,10000.00,,,0.00,
2026-08-04 14:51:00,513310,4.5775,hold,接近尾盘不再开T仓,hold,no_order,,,,10000.00,10000.00,,,0.00,
2026-08-04 14:51:30,513310,4.5810,hold,接近尾盘不再开T仓,hold,no_order,,,,10000.00,10000.00,,,0.00,
2026-08-04 14:52:00,513310,4.5805,hold,接近尾盘不再开T仓,hold,no_order,,,,10000.00,10000.00,,,0.00,
2026-08-04 14:52:30,513310,4.5820,hold,接近尾盘不再开T仓,hold,no_order,,,,10000.00,10000.00,,,0.00,
2026-08-04 14:53:00,513310,4.5845,hold,接近尾盘不再开T仓,hold,no_order,,,,10000.00,10000.00,,,0.00,
2026-08-04 14:53:30,513310,4.5860,hold,接近尾盘不再开T仓,hold,no_order,,,,10000.00,10000.00,,,0.00,
2026-08-04 14:54:00,513310,4.5855,hold,接近尾盘不再开T仓,hold,no_order,,,,10000.00,10000.00,,,0.00,
2026-08-04 14:54:30,513310,4.5840,hold,接近尾盘不再开T仓,hold,no_order,,,,10000.00,10000.00,,,0.00,
2026-08-04 14:55:00,513310,4.5835,hold,接近尾盘不再开T仓,hold,no_order,,,,10000.00,10000.00,,,0.00,
2026-08-04 14:55:30,513310,4.5830,hold,接近尾盘不再开T仓,hold,no_order,,,,10000.00,10000.00,,,0.00,
2026-08-04 14:56:00,513310,4.5855,hold,接近尾盘不再开T仓,hold,no_order,,,,10000.00,10000.00,,,0.00,
2026-08-04 14:56:30,513310,4.5890,hold,接近尾盘不再开T仓,hold,no_order,,,,10000.00,10000.00,,,0.00,
2026-08-04 14:57:00,513310,4.6005,hold,接近尾盘不再开T仓,hold,no_order,,,,10000.00,10000.00,,,0.00,
2026-08-04 14:57:30,513310,4.6110,hold,接近尾盘不再开T仓,hold,no_order,,,,10000.00,10000.00,,,0.00,
2026-08-04 14:58:00,513310,4.6120,hold,接近尾盘不再开T仓,hold,no_order,,,,10000.00,10000.00,,,0.00,
2026-08-04 14:58:30,513310,4.6120,hold,接近尾盘不再开T仓,hold,no_order,,,,10000.00,10000.00,,,0.00,
2026-08-04 14:59:00,513310,4.6120,hold,接近尾盘不再开T仓,hold,no_order,,,,10000.00,10000.00,,,0.00,
2026-08-04 14:59:30,513310,4.6120,hold,接近尾盘不再开T仓,hold,no_order,,,,10000.00,10000.00,,,0.00,
2026-08-04 15:00:00,513310,4.6120,hold,接近尾盘不再开T仓,hold,no_order,,,,10000.00,10000.00,,,0.00,
2026-08-04 15:00:30,513310,4.6120,hold,接近尾盘不再开T仓,hold,no_order,,,,10000.00,10000.00,,,0.00,
